# WaveFront *.obj file (generated by Autodesk ATF)

mtllib Wingbar.mtl

g Body1

v -0.635000 30.480000 0.000000
v -0.613363 30.480000 -0.164350
v -0.549926 30.480000 -0.317500
v -0.449013 30.480000 -0.449013
v -0.317500 30.480000 -0.549926
v -0.164350 30.480000 -0.613363
v 0.000000 30.480000 -0.635000
v 0.164350 30.480000 -0.613363
v 0.317500 30.480000 -0.549926
v 0.449013 30.480000 -0.449013
v 0.549926 30.480000 -0.317500
v 0.613363 30.480000 -0.164350
v 0.635000 30.480000 0.000000
v 0.613363 30.480000 0.164350
v 0.549926 30.480000 0.317500
v 0.449013 30.480000 0.449013
v 0.317500 30.480000 0.549926
v 0.164350 30.480000 0.613363
v 0.000000 30.480000 0.635000
v -0.164350 30.480000 0.613363
v -0.317500 30.480000 0.549926
v -0.449013 30.480000 0.449013
v -0.549926 30.480000 0.317500
v -0.613363 30.480000 0.164350
v -0.635000 0.000000 0.000000
v -0.613363 0.000000 0.164350
v -0.549926 0.000000 0.317500
v -0.449013 0.000000 0.449013
v -0.317500 0.000000 0.549926
v -0.164350 0.000000 0.613363
v 0.000000 0.000000 0.635000
v 0.164350 0.000000 0.613363
v 0.317500 0.000000 0.549926
v 0.449013 0.000000 0.449013
v 0.549926 0.000000 0.317500
v 0.613363 0.000000 0.164350
v 0.635000 0.000000 0.000000
v 0.613363 0.000000 -0.164350
v 0.549926 0.000000 -0.317500
v 0.449013 0.000000 -0.449013
v 0.317500 0.000000 -0.549926
v 0.164350 0.000000 -0.613363
v 0.000000 0.000000 -0.635000
v -0.164350 0.000000 -0.613363
v -0.317500 0.000000 -0.549926
v -0.449013 0.000000 -0.449013
v -0.549926 0.000000 -0.317500
v -0.613363 0.000000 -0.164350
v -0.635000 27.093333 0.000000
v -0.635000 23.706667 0.000000
v -0.635000 20.320000 0.000000
v -0.635000 16.933333 0.000000
v -0.635000 13.546667 0.000000
v -0.635000 10.160000 0.000000
v -0.635000 6.773333 0.000000
v -0.635000 3.386667 0.000000
v -0.613363 27.093333 -0.164350
v -0.613363 23.706667 -0.164350
v -0.613363 20.320000 -0.164350
v -0.613363 16.933333 -0.164350
v -0.613363 13.546667 -0.164350
v -0.613363 10.160000 -0.164350
v -0.613363 6.773333 -0.164350
v -0.613363 3.386667 -0.164350
v -0.549926 27.093333 -0.317500
v -0.549926 23.706667 -0.317500
v -0.549926 20.320000 -0.317500
v -0.549926 16.933333 -0.317500
v -0.549926 13.546667 -0.317500
v -0.549926 10.160000 -0.317500
v -0.549926 6.773333 -0.317500
v -0.549926 3.386667 -0.317500
v -0.449013 27.093333 -0.449013
v -0.449013 23.706667 -0.449013
v -0.449013 20.320000 -0.449013
v -0.449013 16.933333 -0.449013
v -0.449013 13.546667 -0.449013
v -0.449013 10.160000 -0.449013
v -0.449013 6.773333 -0.449013
v -0.449013 3.386667 -0.449013
v -0.317500 27.093333 -0.549926
v -0.317500 23.706667 -0.549926
v -0.317500 20.320000 -0.549926
v -0.317500 16.933333 -0.549926
v -0.317500 13.546667 -0.549926
v -0.317500 10.160000 -0.549926
v -0.317500 6.773333 -0.549926
v -0.317500 3.386667 -0.549926
v -0.164350 27.093333 -0.613363
v -0.164350 23.706667 -0.613363
v -0.164350 20.320000 -0.613363
v -0.164350 16.933333 -0.613363
v -0.164350 13.546667 -0.613363
v -0.164350 10.160000 -0.613363
v -0.164350 6.773333 -0.613363
v -0.164350 3.386667 -0.613363
v 0.000000 27.093333 -0.635000
v 0.000000 23.706667 -0.635000
v 0.000000 20.320000 -0.635000
v 0.000000 16.933333 -0.635000
v 0.000000 13.546667 -0.635000
v 0.000000 10.160000 -0.635000
v 0.000000 6.773333 -0.635000
v 0.000000 3.386667 -0.635000
v 0.164350 27.093333 -0.613363
v 0.164350 23.706667 -0.613363
v 0.164350 20.320000 -0.613363
v 0.164350 16.933333 -0.613363
v 0.164350 13.546667 -0.613363
v 0.164350 10.160000 -0.613363
v 0.164350 6.773333 -0.613363
v 0.164350 3.386667 -0.613363
v 0.317500 27.093333 -0.549926
v 0.317500 23.706667 -0.549926
v 0.317500 20.320000 -0.549926
v 0.317500 16.933333 -0.549926
v 0.317500 13.546667 -0.549926
v 0.317500 10.160000 -0.549926
v 0.317500 6.773333 -0.549926
v 0.317500 3.386667 -0.549926
v 0.449013 27.093333 -0.449013
v 0.449013 23.706667 -0.449013
v 0.449013 20.320000 -0.449013
v 0.449013 16.933333 -0.449013
v 0.449013 13.546667 -0.449013
v 0.449013 10.160000 -0.449013
v 0.449013 6.773333 -0.449013
v 0.449013 3.386667 -0.449013
v 0.549926 27.093333 -0.317500
v 0.549926 23.706667 -0.317500
v 0.549926 20.320000 -0.317500
v 0.549926 16.933333 -0.317500
v 0.549926 13.546667 -0.317500
v 0.549926 10.160000 -0.317500
v 0.549926 6.773333 -0.317500
v 0.549926 3.386667 -0.317500
v 0.613363 27.093333 -0.164350
v 0.613363 23.706667 -0.164350
v 0.613363 20.320000 -0.164350
v 0.613363 16.933333 -0.164350
v 0.613363 13.546667 -0.164350
v 0.613363 10.160000 -0.164350
v 0.613363 6.773333 -0.164350
v 0.613363 3.386667 -0.164350
v 0.635000 27.093333 0.000000
v 0.635000 23.706667 0.000000
v 0.635000 20.320000 0.000000
v 0.635000 16.933333 0.000000
v 0.635000 13.546667 0.000000
v 0.635000 10.160000 0.000000
v 0.635000 6.773333 0.000000
v 0.635000 3.386667 0.000000
v 0.613363 27.093333 0.164350
v 0.613363 23.706667 0.164350
v 0.613363 20.320000 0.164350
v 0.613363 16.933333 0.164350
v 0.613363 13.546667 0.164350
v 0.613363 10.160000 0.164350
v 0.613363 6.773333 0.164350
v 0.613363 3.386667 0.164350
v 0.549926 27.093333 0.317500
v 0.549926 23.706667 0.317500
v 0.549926 20.320000 0.317500
v 0.549926 16.933333 0.317500
v 0.549926 13.546667 0.317500
v 0.549926 10.160000 0.317500
v 0.549926 6.773333 0.317500
v 0.549926 3.386667 0.317500
v 0.449013 27.093333 0.449013
v 0.449013 23.706667 0.449013
v 0.449013 20.320000 0.449013
v 0.449013 16.933333 0.449013
v 0.449013 13.546667 0.449013
v 0.449013 10.160000 0.449013
v 0.449013 6.773333 0.449013
v 0.449013 3.386667 0.449013
v 0.317500 27.093333 0.549926
v 0.317500 23.706667 0.549926
v 0.317500 20.320000 0.549926
v 0.317500 16.933333 0.549926
v 0.317500 13.546667 0.549926
v 0.317500 10.160000 0.549926
v 0.317500 6.773333 0.549926
v 0.317500 3.386667 0.549926
v 0.164350 27.093333 0.613363
v 0.164350 23.706667 0.613363
v 0.164350 20.320000 0.613363
v 0.164350 16.933333 0.613363
v 0.164350 13.546667 0.613363
v 0.164350 10.160000 0.613363
v 0.164350 6.773333 0.613363
v 0.164350 3.386667 0.613363
v 0.000000 27.093333 0.635000
v 0.000000 23.706667 0.635000
v 0.000000 20.320000 0.635000
v 0.000000 16.933333 0.635000
v 0.000000 13.546667 0.635000
v 0.000000 10.160000 0.635000
v 0.000000 6.773333 0.635000
v 0.000000 3.386667 0.635000
v -0.164350 27.093333 0.613363
v -0.164350 23.706667 0.613363
v -0.164350 20.320000 0.613363
v -0.164350 16.933333 0.613363
v -0.164350 13.546667 0.613363
v -0.164350 10.160000 0.613363
v -0.164350 6.773333 0.613363
v -0.164350 3.386667 0.613363
v -0.317500 27.093333 0.549926
v -0.317500 23.706667 0.549926
v -0.317500 20.320000 0.549926
v -0.317500 16.933333 0.549926
v -0.317500 13.546667 0.549926
v -0.317500 10.160000 0.549926
v -0.317500 6.773333 0.549926
v -0.317500 3.386667 0.549926
v -0.449013 27.093333 0.449013
v -0.449013 23.706667 0.449013
v -0.449013 20.320000 0.449013
v -0.449013 16.933333 0.449013
v -0.449013 13.546667 0.449013
v -0.449013 10.160000 0.449013
v -0.449013 6.773333 0.449013
v -0.449013 3.386667 0.449013
v -0.549926 27.093333 0.317500
v -0.549926 23.706667 0.317500
v -0.549926 20.320000 0.317500
v -0.549926 16.933333 0.317500
v -0.549926 13.546667 0.317500
v -0.549926 10.160000 0.317500
v -0.549926 6.773333 0.317500
v -0.549926 3.386667 0.317500
v -0.613363 27.093333 0.164350
v -0.613363 23.706667 0.164350
v -0.613363 20.320000 0.164350
v -0.613363 16.933333 0.164350
v -0.613363 13.546667 0.164350
v -0.613363 10.160000 0.164350
v -0.613363 6.773333 0.164350
v -0.613363 3.386667 0.164350
vt -30.480000 1.828669 0.000000
vt -27.093333 1.828669 0.000000
vt -30.480000 1.994911 0.000000
vt -27.093333 1.994911 0.000000
vt -30.480000 -1.994911 0.000000
vt -27.093333 -1.994911 0.000000
vt -30.480000 -1.828669 0.000000
vt -27.093333 -1.828669 0.000000
vt -30.480000 -1.662426 0.000000
vt -27.093333 -1.662426 0.000000
vt -30.480000 -1.496184 0.000000
vt -27.093333 -1.496184 0.000000
vt -30.480000 -1.329941 0.000000
vt -27.093333 -1.329941 0.000000
vt -30.480000 -1.163698 0.000000
vt -27.093333 -1.163698 0.000000
vt -30.480000 -0.997456 0.000000
vt -27.093333 -0.997456 0.000000
vt -30.480000 -0.831213 0.000000
vt -27.093333 -0.831213 0.000000
vt -30.480000 -0.664970 0.000000
vt -27.093333 -0.664970 0.000000
vt -30.480000 -0.498728 0.000000
vt -27.093333 -0.498728 0.000000
vt -30.480000 -0.332485 0.000000
vt -27.093333 -0.332485 0.000000
vt -30.480000 -0.166243 0.000000
vt -27.093333 -0.166243 0.000000
vt -30.480000 0.000000 0.000000
vt -27.093333 0.000000 0.000000
vt -30.480000 0.166243 0.000000
vt -27.093333 0.166243 0.000000
vt -30.480000 0.332485 0.000000
vt -27.093333 0.332485 0.000000
vt -30.480000 0.498728 0.000000
vt -27.093333 0.498728 0.000000
vt -30.480000 0.664970 0.000000
vt -27.093333 0.664970 0.000000
vt -30.480000 0.831213 0.000000
vt -27.093333 0.831213 0.000000
vt -30.480000 0.997456 0.000000
vt -27.093333 0.997456 0.000000
vt -30.480000 1.163698 0.000000
vt -27.093333 1.163698 0.000000
vt -30.480000 1.329941 0.000000
vt -27.093333 1.329941 0.000000
vt -30.480000 1.496184 0.000000
vt -27.093333 1.496184 0.000000
vt -30.480000 1.662426 0.000000
vt -27.093333 1.662426 0.000000
vt -0.000000 -1.828669 0.000000
vt -3.386667 -1.828669 0.000000
vt -0.000000 -1.994911 0.000000
vt -3.386667 -1.994911 0.000000
vt -0.000000 1.994911 0.000000
vt -3.386667 1.994911 0.000000
vt -0.000000 1.828669 0.000000
vt -3.386667 1.828669 0.000000
vt -0.000000 1.662426 0.000000
vt -3.386667 1.662426 0.000000
vt -0.000000 1.496184 0.000000
vt -3.386667 1.496184 0.000000
vt -0.000000 1.329941 0.000000
vt -3.386667 1.329941 0.000000
vt -0.000000 1.163698 0.000000
vt -3.386667 1.163698 0.000000
vt -0.000000 0.997456 0.000000
vt -3.386667 0.997456 0.000000
vt -0.000000 0.831213 0.000000
vt -3.386667 0.831213 0.000000
vt -0.000000 0.664970 0.000000
vt -3.386667 0.664970 0.000000
vt -0.000000 0.498728 0.000000
vt -3.386667 0.498728 0.000000
vt -0.000000 0.332485 0.000000
vt -3.386667 0.332485 0.000000
vt -0.000000 0.166243 0.000000
vt -3.386667 0.166243 0.000000
vt -0.000000 0.000000 0.000000
vt -3.386667 0.000000 0.000000
vt -0.000000 -0.166243 0.000000
vt -3.386667 -0.166243 0.000000
vt -0.000000 -0.332485 0.000000
vt -3.386667 -0.332485 0.000000
vt -0.000000 -0.498728 0.000000
vt -3.386667 -0.498728 0.000000
vt -0.000000 -0.664970 0.000000
vt -3.386667 -0.664970 0.000000
vt -0.000000 -0.831213 0.000000
vt -3.386667 -0.831213 0.000000
vt -0.000000 -0.997456 0.000000
vt -3.386667 -0.997456 0.000000
vt -0.000000 -1.163698 0.000000
vt -3.386667 -1.163698 0.000000
vt -0.000000 -1.329941 0.000000
vt -3.386667 -1.329941 0.000000
vt -0.000000 -1.496184 0.000000
vt -3.386667 -1.496184 0.000000
vt -0.000000 -1.662426 0.000000
vt -3.386667 -1.662426 0.000000
vt -23.706667 -1.994911 0.000000
vt -23.706667 -1.828669 0.000000
vt -23.706667 -1.662426 0.000000
vt -23.706667 -1.496184 0.000000
vt -23.706667 -1.329941 0.000000
vt -23.706667 -1.163698 0.000000
vt -23.706667 -0.997456 0.000000
vt -23.706667 -0.831213 0.000000
vt -23.706667 -0.664970 0.000000
vt -23.706667 -0.498728 0.000000
vt -23.706667 -0.332485 0.000000
vt -23.706667 -0.166243 0.000000
vt -23.706667 0.000000 0.000000
vt -23.706667 0.166243 0.000000
vt -23.706667 0.332485 0.000000
vt -23.706667 0.498728 0.000000
vt -23.706667 0.664970 0.000000
vt -23.706667 0.831213 0.000000
vt -23.706667 0.997456 0.000000
vt -23.706667 1.163698 0.000000
vt -23.706667 1.329941 0.000000
vt -23.706667 1.496184 0.000000
vt -23.706667 1.662426 0.000000
vt -23.706667 1.828669 0.000000
vt -23.706667 1.994911 0.000000
vt -20.320000 -1.994911 0.000000
vt -20.320000 -1.828669 0.000000
vt -20.320000 -1.662426 0.000000
vt -20.320000 -1.496184 0.000000
vt -20.320000 -1.329941 0.000000
vt -20.320000 -1.163698 0.000000
vt -20.320000 -0.997456 0.000000
vt -20.320000 -0.831213 0.000000
vt -20.320000 -0.664970 0.000000
vt -20.320000 -0.498728 0.000000
vt -20.320000 -0.332485 0.000000
vt -20.320000 -0.166243 0.000000
vt -20.320000 0.000000 0.000000
vt -20.320000 0.166243 0.000000
vt -20.320000 0.332485 0.000000
vt -20.320000 0.498728 0.000000
vt -20.320000 0.664970 0.000000
vt -20.320000 0.831213 0.000000
vt -20.320000 0.997456 0.000000
vt -20.320000 1.163698 0.000000
vt -20.320000 1.329941 0.000000
vt -20.320000 1.496184 0.000000
vt -20.320000 1.662426 0.000000
vt -20.320000 1.828669 0.000000
vt -20.320000 1.994911 0.000000
vt -16.933333 -1.994911 0.000000
vt -16.933333 -1.828669 0.000000
vt -16.933333 -1.662426 0.000000
vt -16.933333 -1.496184 0.000000
vt -16.933333 -1.329941 0.000000
vt -16.933333 -1.163698 0.000000
vt -16.933333 -0.997456 0.000000
vt -16.933333 -0.831213 0.000000
vt -16.933333 -0.664970 0.000000
vt -16.933333 -0.498728 0.000000
vt -16.933333 -0.332485 0.000000
vt -16.933333 -0.166243 0.000000
vt -16.933333 0.000000 0.000000
vt -16.933333 0.166243 0.000000
vt -16.933333 0.332485 0.000000
vt -16.933333 0.498728 0.000000
vt -16.933333 0.664970 0.000000
vt -16.933333 0.831213 0.000000
vt -16.933333 0.997456 0.000000
vt -16.933333 1.163698 0.000000
vt -16.933333 1.329941 0.000000
vt -16.933333 1.496184 0.000000
vt -16.933333 1.662426 0.000000
vt -16.933333 1.828669 0.000000
vt -16.933333 1.994911 0.000000
vt -13.546667 -1.994911 0.000000
vt -13.546667 -1.828669 0.000000
vt -13.546667 -1.662426 0.000000
vt -13.546667 -1.496184 0.000000
vt -13.546667 -1.329941 0.000000
vt -13.546667 -1.163698 0.000000
vt -13.546667 -0.997456 0.000000
vt -13.546667 -0.831213 0.000000
vt -13.546667 -0.664970 0.000000
vt -13.546667 -0.498728 0.000000
vt -13.546667 -0.332485 0.000000
vt -13.546667 -0.166243 0.000000
vt -13.546667 0.000000 0.000000
vt -13.546667 0.166243 0.000000
vt -13.546667 0.332485 0.000000
vt -13.546667 0.498728 0.000000
vt -13.546667 0.664970 0.000000
vt -13.546667 0.831213 0.000000
vt -13.546667 0.997456 0.000000
vt -13.546667 1.163698 0.000000
vt -13.546667 1.329941 0.000000
vt -13.546667 1.496184 0.000000
vt -13.546667 1.662426 0.000000
vt -13.546667 1.828669 0.000000
vt -13.546667 1.994911 0.000000
vt -10.160000 -1.994911 0.000000
vt -10.160000 -1.828669 0.000000
vt -10.160000 -1.662426 0.000000
vt -10.160000 -1.496184 0.000000
vt -10.160000 -1.329941 0.000000
vt -10.160000 -1.163698 0.000000
vt -10.160000 -0.997456 0.000000
vt -10.160000 -0.831213 0.000000
vt -10.160000 -0.664970 0.000000
vt -10.160000 -0.498728 0.000000
vt -10.160000 -0.332485 0.000000
vt -10.160000 -0.166243 0.000000
vt -10.160000 0.000000 0.000000
vt -10.160000 0.166243 0.000000
vt -10.160000 0.332485 0.000000
vt -10.160000 0.498728 0.000000
vt -10.160000 0.664970 0.000000
vt -10.160000 0.831213 0.000000
vt -10.160000 0.997456 0.000000
vt -10.160000 1.163698 0.000000
vt -10.160000 1.329941 0.000000
vt -10.160000 1.496184 0.000000
vt -10.160000 1.662426 0.000000
vt -10.160000 1.828669 0.000000
vt -10.160000 1.994911 0.000000
vt -6.773333 -1.994911 0.000000
vt -6.773333 -1.828669 0.000000
vt -6.773333 -1.662426 0.000000
vt -6.773333 -1.496184 0.000000
vt -6.773333 -1.329941 0.000000
vt -6.773333 -1.163698 0.000000
vt -6.773333 -0.997456 0.000000
vt -6.773333 -0.831213 0.000000
vt -6.773333 -0.664970 0.000000
vt -6.773333 -0.498728 0.000000
vt -6.773333 -0.332485 0.000000
vt -6.773333 -0.166243 0.000000
vt -6.773333 0.000000 0.000000
vt -6.773333 0.166243 0.000000
vt -6.773333 0.332485 0.000000
vt -6.773333 0.498728 0.000000
vt -6.773333 0.664970 0.000000
vt -6.773333 0.831213 0.000000
vt -6.773333 0.997456 0.000000
vt -6.773333 1.163698 0.000000
vt -6.773333 1.329941 0.000000
vt -6.773333 1.496184 0.000000
vt -6.773333 1.662426 0.000000
vt -6.773333 1.828669 0.000000
vt -6.773333 1.994911 0.000000
vt -0.613363 -0.164350 0.000000
vt 0.613363 -0.164350 0.000000
vt -0.635000 -0.000000 0.000000
vt 0.635000 0.000000 0.000000
vt -0.613363 0.164350 0.000000
vt 0.613363 0.164350 0.000000
vt -0.549926 0.317500 0.000000
vt 0.549926 0.317500 0.000000
vt -0.449013 0.449013 0.000000
vt 0.449013 0.449013 0.000000
vt -0.317500 0.549926 0.000000
vt 0.317500 0.549926 0.000000
vt -0.164350 0.613363 0.000000
vt 0.164350 0.613363 0.000000
vt 0.000000 0.635000 0.000000
vt 0.549926 -0.317500 0.000000
vt -0.549926 -0.317500 0.000000
vt 0.449013 -0.449013 0.000000
vt -0.449013 -0.449013 0.000000
vt 0.317500 -0.549926 0.000000
vt -0.317500 -0.549926 0.000000
vt 0.164350 -0.613363 0.000000
vt -0.164350 -0.613363 0.000000
vt 0.000000 -0.635000 0.000000
vt 0.613363 0.164350 0.000000
vt -0.613363 0.164350 0.000000
vt 0.635000 -0.000000 0.000000
vt -0.635000 0.000000 0.000000
vt 0.613363 -0.164350 0.000000
vt -0.613363 -0.164350 0.000000
vt 0.549926 -0.317500 0.000000
vt -0.549926 -0.317500 0.000000
vt 0.449013 -0.449013 0.000000
vt -0.449013 -0.449013 0.000000
vt 0.317500 -0.549926 0.000000
vt -0.317500 -0.549926 0.000000
vt 0.164350 -0.613363 0.000000
vt -0.164350 -0.613363 0.000000
vt -0.000000 -0.635000 0.000000
vt -0.549926 0.317500 0.000000
vt 0.549926 0.317500 0.000000
vt -0.449013 0.449013 0.000000
vt 0.449013 0.449013 0.000000
vt -0.317500 0.549926 0.000000
vt 0.317500 0.549926 0.000000
vt -0.164350 0.613363 0.000000
vt 0.164350 0.613363 0.000000
vt -0.000000 0.635000 0.000000
vn -0.965926 0.000000 -0.258819
vn -0.965926 0.000000 -0.258819
vn -1.000000 0.000000 -0.000000
vn -1.000000 0.000000 -0.000000
vn -0.965926 -0.000000 0.258819
vn -0.965926 -0.000000 0.258819
vn -0.866025 -0.000000 0.500000
vn -0.866025 -0.000000 0.500000
vn -0.707107 -0.000000 0.707107
vn -0.707107 -0.000000 0.707107
vn -0.500000 -0.000000 0.866025
vn -0.500000 -0.000000 0.866025
vn -0.258819 -0.000000 0.965926
vn -0.258819 -0.000000 0.965926
vn 0.000000 -0.000000 1.000000
vn 0.000000 -0.000000 1.000000
vn 0.258819 -0.000000 0.965926
vn 0.258819 -0.000000 0.965926
vn 0.500000 -0.000000 0.866025
vn 0.500000 -0.000000 0.866025
vn 0.707107 -0.000000 0.707107
vn 0.707107 -0.000000 0.707107
vn 0.866025 -0.000000 0.500000
vn 0.866025 -0.000000 0.500000
vn 0.965926 -0.000000 0.258819
vn 0.965926 -0.000000 0.258819
vn 1.000000 -0.000000 -0.000000
vn 1.000000 -0.000000 -0.000000
vn 0.965926 -0.000000 -0.258819
vn 0.965926 -0.000000 -0.258819
vn 0.866025 -0.000000 -0.500000
vn 0.866025 -0.000000 -0.500000
vn 0.707107 -0.000000 -0.707107
vn 0.707107 -0.000000 -0.707107
vn 0.500000 -0.000000 -0.866025
vn 0.500000 -0.000000 -0.866025
vn 0.258819 -0.000000 -0.965926
vn 0.258819 -0.000000 -0.965926
vn 0.000000 -0.000000 -1.000000
vn 0.000000 -0.000000 -1.000000
vn -0.258819 0.000000 -0.965926
vn -0.258819 0.000000 -0.965926
vn -0.500000 0.000000 -0.866025
vn -0.500000 0.000000 -0.866025
vn -0.707107 0.000000 -0.707107
vn -0.707107 0.000000 -0.707107
vn -0.866025 0.000000 -0.500000
vn -0.866025 0.000000 -0.500000
vn -0.965926 -0.000000 0.258819
vn -0.965926 -0.000000 0.258819
vn -1.000000 -0.000000 0.000000
vn -1.000000 -0.000000 0.000000
vn -0.965926 0.000000 -0.258819
vn -0.965926 0.000000 -0.258819
vn -0.866025 0.000000 -0.500000
vn -0.866025 0.000000 -0.500000
vn -0.707107 0.000000 -0.707107
vn -0.707107 0.000000 -0.707107
vn -0.500000 0.000000 -0.866025
vn -0.500000 0.000000 -0.866025
vn -0.258819 0.000000 -0.965926
vn -0.258819 0.000000 -0.965926
vn 0.000000 -0.000000 -1.000000
vn 0.000000 -0.000000 -1.000000
vn 0.258819 -0.000000 -0.965926
vn 0.258819 -0.000000 -0.965926
vn 0.500000 -0.000000 -0.866025
vn 0.500000 -0.000000 -0.866025
vn 0.707107 -0.000000 -0.707107
vn 0.707107 -0.000000 -0.707107
vn 0.866025 -0.000000 -0.500000
vn 0.866025 -0.000000 -0.500000
vn 0.965926 -0.000000 -0.258819
vn 0.965926 -0.000000 -0.258819
vn 1.000000 -0.000000 -0.000000
vn 1.000000 -0.000000 -0.000000
vn 0.965926 -0.000000 0.258819
vn 0.965926 -0.000000 0.258819
vn 0.866025 -0.000000 0.500000
vn 0.866025 -0.000000 0.500000
vn 0.707107 -0.000000 0.707107
vn 0.707107 -0.000000 0.707107
vn 0.500000 -0.000000 0.866025
vn 0.500000 -0.000000 0.866025
vn 0.258819 -0.000000 0.965926
vn 0.258819 -0.000000 0.965926
vn 0.000000 -0.000000 1.000000
vn 0.000000 -0.000000 1.000000
vn -0.258819 -0.000000 0.965926
vn -0.258819 -0.000000 0.965926
vn -0.500000 -0.000000 0.866025
vn -0.500000 -0.000000 0.866025
vn -0.707107 -0.000000 0.707107
vn -0.707107 -0.000000 0.707107
vn -0.866025 -0.000000 0.500000
vn -0.866025 -0.000000 0.500000
vn -1.000000 -0.000000 0.000000
vn -0.965926 -0.000000 0.258819
vn -0.866025 -0.000000 0.500000
vn -0.707107 -0.000000 0.707107
vn -0.500000 -0.000000 0.866025
vn -0.258819 -0.000000 0.965926
vn 0.000000 -0.000000 1.000000
vn 0.258819 -0.000000 0.965926
vn 0.500000 -0.000000 0.866025
vn 0.707107 -0.000000 0.707107
vn 0.866025 -0.000000 0.500000
vn 0.965926 -0.000000 0.258819
vn 1.000000 -0.000000 -0.000000
vn 0.965926 -0.000000 -0.258819
vn 0.866025 -0.000000 -0.500000
vn 0.707107 -0.000000 -0.707107
vn 0.500000 -0.000000 -0.866025
vn 0.258819 -0.000000 -0.965926
vn 0.000000 -0.000000 -1.000000
vn -0.258819 0.000000 -0.965926
vn -0.500000 0.000000 -0.866025
vn -0.707107 0.000000 -0.707107
vn -0.866025 0.000000 -0.500000
vn -0.965926 0.000000 -0.258819
vn -1.000000 -0.000000 0.000000
vn -0.965926 -0.000000 0.258819
vn -0.866025 -0.000000 0.500000
vn -0.707107 -0.000000 0.707107
vn -0.500000 -0.000000 0.866025
vn -0.258819 -0.000000 0.965926
vn 0.000000 -0.000000 1.000000
vn 0.258819 -0.000000 0.965926
vn 0.500000 -0.000000 0.866025
vn 0.707107 -0.000000 0.707107
vn 0.866025 -0.000000 0.500000
vn 0.965926 -0.000000 0.258819
vn 1.000000 -0.000000 -0.000000
vn 0.965926 -0.000000 -0.258819
vn 0.866025 -0.000000 -0.500000
vn 0.707107 -0.000000 -0.707107
vn 0.500000 -0.000000 -0.866025
vn 0.258819 -0.000000 -0.965926
vn 0.000000 -0.000000 -1.000000
vn -0.258819 0.000000 -0.965926
vn -0.500000 0.000000 -0.866025
vn -0.707107 0.000000 -0.707107
vn -0.866025 0.000000 -0.500000
vn -0.965926 0.000000 -0.258819
vn -1.000000 -0.000000 0.000000
vn -0.965926 -0.000000 0.258819
vn -0.866025 -0.000000 0.500000
vn -0.707107 -0.000000 0.707107
vn -0.500000 -0.000000 0.866025
vn -0.258819 -0.000000 0.965926
vn 0.000000 -0.000000 1.000000
vn 0.258819 -0.000000 0.965926
vn 0.500000 -0.000000 0.866025
vn 0.707107 -0.000000 0.707107
vn 0.866025 -0.000000 0.500000
vn 0.965926 -0.000000 0.258819
vn 1.000000 -0.000000 -0.000000
vn 0.965926 -0.000000 -0.258819
vn 0.866025 -0.000000 -0.500000
vn 0.707107 -0.000000 -0.707107
vn 0.500000 -0.000000 -0.866025
vn 0.258819 -0.000000 -0.965926
vn 0.000000 -0.000000 -1.000000
vn -0.258819 0.000000 -0.965926
vn -0.500000 0.000000 -0.866025
vn -0.707107 0.000000 -0.707107
vn -0.866025 0.000000 -0.500000
vn -0.965926 0.000000 -0.258819
vn -1.000000 -0.000000 0.000000
vn -0.965926 -0.000000 0.258819
vn -0.866025 -0.000000 0.500000
vn -0.707107 -0.000000 0.707107
vn -0.500000 -0.000000 0.866025
vn -0.258819 -0.000000 0.965926
vn 0.000000 -0.000000 1.000000
vn 0.258819 -0.000000 0.965926
vn 0.500000 -0.000000 0.866025
vn 0.707107 -0.000000 0.707107
vn 0.866025 -0.000000 0.500000
vn 0.965926 -0.000000 0.258819
vn 1.000000 -0.000000 -0.000000
vn 0.965926 -0.000000 -0.258819
vn 0.866025 -0.000000 -0.500000
vn 0.707107 -0.000000 -0.707107
vn 0.500000 -0.000000 -0.866025
vn 0.258819 -0.000000 -0.965926
vn 0.000000 -0.000000 -1.000000
vn -0.258819 0.000000 -0.965926
vn -0.500000 0.000000 -0.866025
vn -0.707107 0.000000 -0.707107
vn -0.866025 0.000000 -0.500000
vn -0.965926 0.000000 -0.258819
vn -1.000000 -0.000000 0.000000
vn -0.965926 -0.000000 0.258819
vn -0.866025 -0.000000 0.500000
vn -0.707107 -0.000000 0.707107
vn -0.500000 -0.000000 0.866025
vn -0.258819 -0.000000 0.965926
vn 0.000000 -0.000000 1.000000
vn 0.258819 -0.000000 0.965926
vn 0.500000 -0.000000 0.866025
vn 0.707107 -0.000000 0.707107
vn 0.866025 -0.000000 0.500000
vn 0.965926 -0.000000 0.258819
vn 1.000000 -0.000000 -0.000000
vn 0.965926 -0.000000 -0.258819
vn 0.866025 -0.000000 -0.500000
vn 0.707107 -0.000000 -0.707107
vn 0.500000 -0.000000 -0.866025
vn 0.258819 -0.000000 -0.965926
vn 0.000000 -0.000000 -1.000000
vn -0.258819 0.000000 -0.965926
vn -0.500000 0.000000 -0.866025
vn -0.707107 0.000000 -0.707107
vn -0.866025 0.000000 -0.500000
vn -0.965926 0.000000 -0.258819
vn -1.000000 -0.000000 0.000000
vn -0.965926 -0.000000 0.258819
vn -0.866025 -0.000000 0.500000
vn -0.707107 -0.000000 0.707107
vn -0.500000 -0.000000 0.866025
vn -0.258819 -0.000000 0.965926
vn 0.000000 -0.000000 1.000000
vn 0.258819 -0.000000 0.965926
vn 0.500000 -0.000000 0.866025
vn 0.707107 -0.000000 0.707107
vn 0.866025 -0.000000 0.500000
vn 0.965926 -0.000000 0.258819
vn 1.000000 -0.000000 -0.000000
vn 0.965926 -0.000000 -0.258819
vn 0.866025 -0.000000 -0.500000
vn 0.707107 -0.000000 -0.707107
vn 0.500000 -0.000000 -0.866025
vn 0.258819 -0.000000 -0.965926
vn 0.000000 -0.000000 -1.000000
vn -0.258819 0.000000 -0.965926
vn -0.500000 0.000000 -0.866025
vn -0.707107 0.000000 -0.707107
vn -0.866025 0.000000 -0.500000
vn -0.965926 0.000000 -0.258819
vn 0.000000 1.000000 0.000000
vn 0.000000 1.000000 0.000000
vn 0.000000 1.000000 0.000000
vn 0.000000 1.000000 0.000000
vn 0.000000 1.000000 0.000000
vn 0.000000 1.000000 0.000000
vn 0.000000 1.000000 0.000000
vn 0.000000 1.000000 0.000000
vn 0.000000 1.000000 0.000000
vn 0.000000 1.000000 0.000000
vn 0.000000 1.000000 0.000000
vn 0.000000 1.000000 0.000000
vn 0.000000 1.000000 0.000000
vn 0.000000 1.000000 0.000000
vn 0.000000 1.000000 0.000000
vn 0.000000 1.000000 0.000000
vn 0.000000 1.000000 0.000000
vn 0.000000 1.000000 0.000000
vn 0.000000 1.000000 0.000000
vn 0.000000 1.000000 0.000000
vn 0.000000 1.000000 0.000000
vn 0.000000 1.000000 0.000000
vn 0.000000 1.000000 0.000000
vn 0.000000 1.000000 0.000000
vn -0.000000 -1.000000 -0.000000
vn -0.000000 -1.000000 -0.000000
vn -0.000000 -1.000000 -0.000000
vn -0.000000 -1.000000 -0.000000
vn -0.000000 -1.000000 -0.000000
vn -0.000000 -1.000000 -0.000000
vn -0.000000 -1.000000 -0.000000
vn -0.000000 -1.000000 -0.000000
vn -0.000000 -1.000000 -0.000000
vn -0.000000 -1.000000 -0.000000
vn -0.000000 -1.000000 -0.000000
vn -0.000000 -1.000000 -0.000000
vn -0.000000 -1.000000 -0.000000
vn -0.000000 -1.000000 -0.000000
vn -0.000000 -1.000000 -0.000000
vn -0.000000 -1.000000 -0.000000
vn -0.000000 -1.000000 -0.000000
vn -0.000000 -1.000000 -0.000000
vn -0.000000 -1.000000 -0.000000
vn -0.000000 -1.000000 -0.000000
vn -0.000000 -1.000000 -0.000000
vn -0.000000 -1.000000 -0.000000
vn -0.000000 -1.000000 -0.000000
vn -0.000000 -1.000000 -0.000000
usemtl Steel_-_Satin
f 2/1/1 57/2/2 1/3/3
f 1/3/3 57/2/2 49/4/4
f 1/5/3 49/6/4 24/7/5
f 24/7/5 49/6/4 233/8/6
f 24/7/5 233/8/6 23/9/7
f 23/9/7 233/8/6 225/10/8
f 23/9/7 225/10/8 22/11/9
f 22/11/9 225/10/8 217/12/10
f 22/11/9 217/12/10 21/13/11
f 21/13/11 217/12/10 209/14/12
f 21/13/11 209/14/12 20/15/13
f 20/15/13 209/14/12 201/16/14
f 20/15/13 201/16/14 19/17/15
f 19/17/15 201/16/14 193/18/16
f 19/17/15 193/18/16 18/19/17
f 18/19/17 193/18/16 185/20/18
f 18/19/17 185/20/18 17/21/19
f 17/21/19 185/20/18 177/22/20
f 17/21/19 177/22/20 16/23/21
f 16/23/21 177/22/20 169/24/22
f 16/23/21 169/24/22 15/25/23
f 15/25/23 169/24/22 161/26/24
f 15/25/23 161/26/24 14/27/25
f 14/27/25 161/26/24 153/28/26
f 14/27/25 153/28/26 13/29/27
f 13/29/27 153/28/26 145/30/28
f 13/29/27 145/30/28 12/31/29
f 12/31/29 145/30/28 137/32/30
f 12/31/29 137/32/30 11/33/31
f 11/33/31 137/32/30 129/34/32
f 11/33/31 129/34/32 10/35/33
f 10/35/33 129/34/32 121/36/34
f 10/35/33 121/36/34 9/37/35
f 9/37/35 121/36/34 113/38/36
f 9/37/35 113/38/36 8/39/37
f 8/39/37 113/38/36 105/40/38
f 8/39/37 105/40/38 7/41/39
f 7/41/39 105/40/38 97/42/40
f 7/41/39 97/42/40 6/43/41
f 6/43/41 97/42/40 89/44/42
f 6/43/41 89/44/42 5/45/43
f 5/45/43 89/44/42 81/46/44
f 5/45/43 81/46/44 4/47/45
f 4/47/45 81/46/44 73/48/46
f 4/47/45 73/48/46 3/49/47
f 3/49/47 73/48/46 65/50/48
f 3/49/47 65/50/48 2/1/1
f 2/1/1 65/50/48 57/2/2
f 26/51/49 240/52/50 25/53/51
f 25/53/51 240/52/50 56/54/52
f 25/55/51 56/56/52 48/57/53
f 48/57/53 56/56/52 64/58/54
f 48/57/53 64/58/54 47/59/55
f 47/59/55 64/58/54 72/60/56
f 47/59/55 72/60/56 46/61/57
f 46/61/57 72/60/56 80/62/58
f 46/61/57 80/62/58 45/63/59
f 45/63/59 80/62/58 88/64/60
f 45/63/59 88/64/60 44/65/61
f 44/65/61 88/64/60 96/66/62
f 44/65/61 96/66/62 43/67/63
f 43/67/63 96/66/62 104/68/64
f 43/67/63 104/68/64 42/69/65
f 42/69/65 104/68/64 112/70/66
f 42/69/65 112/70/66 41/71/67
f 41/71/67 112/70/66 120/72/68
f 41/71/67 120/72/68 40/73/69
f 40/73/69 120/72/68 128/74/70
f 40/73/69 128/74/70 39/75/71
f 39/75/71 128/74/70 136/76/72
f 39/75/71 136/76/72 38/77/73
f 38/77/73 136/76/72 144/78/74
f 38/77/73 144/78/74 37/79/75
f 37/79/75 144/78/74 152/80/76
f 37/79/75 152/80/76 36/81/77
f 36/81/77 152/80/76 160/82/78
f 36/81/77 160/82/78 35/83/79
f 35/83/79 160/82/78 168/84/80
f 35/83/79 168/84/80 34/85/81
f 34/85/81 168/84/80 176/86/82
f 34/85/81 176/86/82 33/87/83
f 33/87/83 176/86/82 184/88/84
f 33/87/83 184/88/84 32/89/85
f 32/89/85 184/88/84 192/90/86
f 32/89/85 192/90/86 31/91/87
f 31/91/87 192/90/86 200/92/88
f 31/91/87 200/92/88 30/93/89
f 30/93/89 200/92/88 208/94/90
f 30/93/89 208/94/90 29/95/91
f 29/95/91 208/94/90 216/96/92
f 29/95/91 216/96/92 28/97/93
f 28/97/93 216/96/92 224/98/94
f 28/97/93 224/98/94 27/99/95
f 27/99/95 224/98/94 232/100/96
f 27/99/95 232/100/96 26/51/49
f 26/51/49 232/100/96 240/52/50
f 49/6/4 50/101/97 233/8/6
f 233/8/6 50/101/97 234/102/98
f 233/8/6 234/102/98 225/10/8
f 225/10/8 234/102/98 226/103/99
f 225/10/8 226/103/99 217/12/10
f 217/12/10 226/103/99 218/104/100
f 217/12/10 218/104/100 209/14/12
f 209/14/12 218/104/100 210/105/101
f 209/14/12 210/105/101 201/16/14
f 201/16/14 210/105/101 202/106/102
f 201/16/14 202/106/102 193/18/16
f 193/18/16 202/106/102 194/107/103
f 193/18/16 194/107/103 185/20/18
f 185/20/18 194/107/103 186/108/104
f 185/20/18 186/108/104 177/22/20
f 177/22/20 186/108/104 178/109/105
f 177/22/20 178/109/105 169/24/22
f 169/24/22 178/109/105 170/110/106
f 169/24/22 170/110/106 161/26/24
f 161/26/24 170/110/106 162/111/107
f 161/26/24 162/111/107 153/28/26
f 153/28/26 162/111/107 154/112/108
f 153/28/26 154/112/108 145/30/28
f 145/30/28 154/112/108 146/113/109
f 145/30/28 146/113/109 137/32/30
f 137/32/30 146/113/109 138/114/110
f 137/32/30 138/114/110 129/34/32
f 129/34/32 138/114/110 130/115/111
f 129/34/32 130/115/111 121/36/34
f 121/36/34 130/115/111 122/116/112
f 121/36/34 122/116/112 113/38/36
f 113/38/36 122/116/112 114/117/113
f 113/38/36 114/117/113 105/40/38
f 105/40/38 114/117/113 106/118/114
f 105/40/38 106/118/114 97/42/40
f 97/42/40 106/118/114 98/119/115
f 97/42/40 98/119/115 89/44/42
f 89/44/42 98/119/115 90/120/116
f 89/44/42 90/120/116 81/46/44
f 81/46/44 90/120/116 82/121/117
f 81/46/44 82/121/117 73/48/46
f 73/48/46 82/121/117 74/122/118
f 73/48/46 74/122/118 65/50/48
f 65/50/48 74/122/118 66/123/119
f 65/50/48 66/123/119 57/2/2
f 57/2/2 66/123/119 58/124/120
f 57/2/2 58/124/120 49/4/4
f 49/4/4 58/124/120 50/125/97
f 50/101/97 51/126/121 234/102/98
f 234/102/98 51/126/121 235/127/122
f 234/102/98 235/127/122 226/103/99
f 226/103/99 235/127/122 227/128/123
f 226/103/99 227/128/123 218/104/100
f 218/104/100 227/128/123 219/129/124
f 218/104/100 219/129/124 210/105/101
f 210/105/101 219/129/124 211/130/125
f 210/105/101 211/130/125 202/106/102
f 202/106/102 211/130/125 203/131/126
f 202/106/102 203/131/126 194/107/103
f 194/107/103 203/131/126 195/132/127
f 194/107/103 195/132/127 186/108/104
f 186/108/104 195/132/127 187/133/128
f 186/108/104 187/133/128 178/109/105
f 178/109/105 187/133/128 179/134/129
f 178/109/105 179/134/129 170/110/106
f 170/110/106 179/134/129 171/135/130
f 170/110/106 171/135/130 162/111/107
f 162/111/107 171/135/130 163/136/131
f 162/111/107 163/136/131 154/112/108
f 154/112/108 163/136/131 155/137/132
f 154/112/108 155/137/132 146/113/109
f 146/113/109 155/137/132 147/138/133
f 146/113/109 147/138/133 138/114/110
f 138/114/110 147/138/133 139/139/134
f 138/114/110 139/139/134 130/115/111
f 130/115/111 139/139/134 131/140/135
f 130/115/111 131/140/135 122/116/112
f 122/116/112 131/140/135 123/141/136
f 122/116/112 123/141/136 114/117/113
f 114/117/113 123/141/136 115/142/137
f 114/117/113 115/142/137 106/118/114
f 106/118/114 115/142/137 107/143/138
f 106/118/114 107/143/138 98/119/115
f 98/119/115 107/143/138 99/144/139
f 98/119/115 99/144/139 90/120/116
f 90/120/116 99/144/139 91/145/140
f 90/120/116 91/145/140 82/121/117
f 82/121/117 91/145/140 83/146/141
f 82/121/117 83/146/141 74/122/118
f 74/122/118 83/146/141 75/147/142
f 74/122/118 75/147/142 66/123/119
f 66/123/119 75/147/142 67/148/143
f 66/123/119 67/148/143 58/124/120
f 58/124/120 67/148/143 59/149/144
f 58/124/120 59/149/144 50/125/97
f 50/125/97 59/149/144 51/150/121
f 51/126/121 52/151/145 235/127/122
f 235/127/122 52/151/145 236/152/146
f 235/127/122 236/152/146 227/128/123
f 227/128/123 236/152/146 228/153/147
f 227/128/123 228/153/147 219/129/124
f 219/129/124 228/153/147 220/154/148
f 219/129/124 220/154/148 211/130/125
f 211/130/125 220/154/148 212/155/149
f 211/130/125 212/155/149 203/131/126
f 203/131/126 212/155/149 204/156/150
f 203/131/126 204/156/150 195/132/127
f 195/132/127 204/156/150 196/157/151
f 195/132/127 196/157/151 187/133/128
f 187/133/128 196/157/151 188/158/152
f 187/133/128 188/158/152 179/134/129
f 179/134/129 188/158/152 180/159/153
f 179/134/129 180/159/153 171/135/130
f 171/135/130 180/159/153 172/160/154
f 171/135/130 172/160/154 163/136/131
f 163/136/131 172/160/154 164/161/155
f 163/136/131 164/161/155 155/137/132
f 155/137/132 164/161/155 156/162/156
f 155/137/132 156/162/156 147/138/133
f 147/138/133 156/162/156 148/163/157
f 147/138/133 148/163/157 139/139/134
f 139/139/134 148/163/157 140/164/158
f 139/139/134 140/164/158 131/140/135
f 131/140/135 140/164/158 132/165/159
f 131/140/135 132/165/159 123/141/136
f 123/141/136 132/165/159 124/166/160
f 123/141/136 124/166/160 115/142/137
f 115/142/137 124/166/160 116/167/161
f 115/142/137 116/167/161 107/143/138
f 107/143/138 116/167/161 108/168/162
f 107/143/138 108/168/162 99/144/139
f 99/144/139 108/168/162 100/169/163
f 99/144/139 100/169/163 91/145/140
f 91/145/140 100/169/163 92/170/164
f 91/145/140 92/170/164 83/146/141
f 83/146/141 92/170/164 84/171/165
f 83/146/141 84/171/165 75/147/142
f 75/147/142 84/171/165 76/172/166
f 75/147/142 76/172/166 67/148/143
f 67/148/143 76/172/166 68/173/167
f 67/148/143 68/173/167 59/149/144
f 59/149/144 68/173/167 60/174/168
f 59/149/144 60/174/168 51/150/121
f 51/150/121 60/174/168 52/175/145
f 52/151/145 53/176/169 236/152/146
f 236/152/146 53/176/169 237/177/170
f 236/152/146 237/177/170 228/153/147
f 228/153/147 237/177/170 229/178/171
f 228/153/147 229/178/171 220/154/148
f 220/154/148 229/178/171 221/179/172
f 220/154/148 221/179/172 212/155/149
f 212/155/149 221/179/172 213/180/173
f 212/155/149 213/180/173 204/156/150
f 204/156/150 213/180/173 205/181/174
f 204/156/150 205/181/174 196/157/151
f 196/157/151 205/181/174 197/182/175
f 196/157/151 197/182/175 188/158/152
f 188/158/152 197/182/175 189/183/176
f 188/158/152 189/183/176 180/159/153
f 180/159/153 189/183/176 181/184/177
f 180/159/153 181/184/177 172/160/154
f 172/160/154 181/184/177 173/185/178
f 172/160/154 173/185/178 164/161/155
f 164/161/155 173/185/178 165/186/179
f 164/161/155 165/186/179 156/162/156
f 156/162/156 165/186/179 157/187/180
f 156/162/156 157/187/180 148/163/157
f 148/163/157 157/187/180 149/188/181
f 148/163/157 149/188/181 140/164/158
f 140/164/158 149/188/181 141/189/182
f 140/164/158 141/189/182 132/165/159
f 132/165/159 141/189/182 133/190/183
f 132/165/159 133/190/183 124/166/160
f 124/166/160 133/190/183 125/191/184
f 124/166/160 125/191/184 116/167/161
f 116/167/161 125/191/184 117/192/185
f 116/167/161 117/192/185 108/168/162
f 108/168/162 117/192/185 109/193/186
f 108/168/162 109/193/186 100/169/163
f 100/169/163 109/193/186 101/194/187
f 100/169/163 101/194/187 92/170/164
f 92/170/164 101/194/187 93/195/188
f 92/170/164 93/195/188 84/171/165
f 84/171/165 93/195/188 85/196/189
f 84/171/165 85/196/189 76/172/166
f 76/172/166 85/196/189 77/197/190
f 76/172/166 77/197/190 68/173/167
f 68/173/167 77/197/190 69/198/191
f 68/173/167 69/198/191 60/174/168
f 60/174/168 69/198/191 61/199/192
f 60/174/168 61/199/192 52/175/145
f 52/175/145 61/199/192 53/200/169
f 53/176/169 54/201/193 237/177/170
f 237/177/170 54/201/193 238/202/194
f 237/177/170 238/202/194 229/178/171
f 229/178/171 238/202/194 230/203/195
f 229/178/171 230/203/195 221/179/172
f 221/179/172 230/203/195 222/204/196
f 221/179/172 222/204/196 213/180/173
f 213/180/173 222/204/196 214/205/197
f 213/180/173 214/205/197 205/181/174
f 205/181/174 214/205/197 206/206/198
f 205/181/174 206/206/198 197/182/175
f 197/182/175 206/206/198 198/207/199
f 197/182/175 198/207/199 189/183/176
f 189/183/176 198/207/199 190/208/200
f 189/183/176 190/208/200 181/184/177
f 181/184/177 190/208/200 182/209/201
f 181/184/177 182/209/201 173/185/178
f 173/185/178 182/209/201 174/210/202
f 173/185/178 174/210/202 165/186/179
f 165/186/179 174/210/202 166/211/203
f 165/186/179 166/211/203 157/187/180
f 157/187/180 166/211/203 158/212/204
f 157/187/180 158/212/204 149/188/181
f 149/188/181 158/212/204 150/213/205
f 149/188/181 150/213/205 141/189/182
f 141/189/182 150/213/205 142/214/206
f 141/189/182 142/214/206 133/190/183
f 133/190/183 142/214/206 134/215/207
f 133/190/183 134/215/207 125/191/184
f 125/191/184 134/215/207 126/216/208
f 125/191/184 126/216/208 117/192/185
f 117/192/185 126/216/208 118/217/209
f 117/192/185 118/217/209 109/193/186
f 109/193/186 118/217/209 110/218/210
f 109/193/186 110/218/210 101/194/187
f 101/194/187 110/218/210 102/219/211
f 101/194/187 102/219/211 93/195/188
f 93/195/188 102/219/211 94/220/212
f 93/195/188 94/220/212 85/196/189
f 85/196/189 94/220/212 86/221/213
f 85/196/189 86/221/213 77/197/190
f 77/197/190 86/221/213 78/222/214
f 77/197/190 78/222/214 69/198/191
f 69/198/191 78/222/214 70/223/215
f 69/198/191 70/223/215 61/199/192
f 61/199/192 70/223/215 62/224/216
f 61/199/192 62/224/216 53/200/169
f 53/200/169 62/224/216 54/225/193
f 54/201/193 55/226/217 238/202/194
f 238/202/194 55/226/217 239/227/218
f 238/202/194 239/227/218 230/203/195
f 230/203/195 239/227/218 231/228/219
f 230/203/195 231/228/219 222/204/196
f 222/204/196 231/228/219 223/229/220
f 222/204/196 223/229/220 214/205/197
f 214/205/197 223/229/220 215/230/221
f 214/205/197 215/230/221 206/206/198
f 206/206/198 215/230/221 207/231/222
f 206/206/198 207/231/222 198/207/199
f 198/207/199 207/231/222 199/232/223
f 198/207/199 199/232/223 190/208/200
f 190/208/200 199/232/223 191/233/224
f 190/208/200 191/233/224 182/209/201
f 182/209/201 191/233/224 183/234/225
f 182/209/201 183/234/225 174/210/202
f 174/210/202 183/234/225 175/235/226
f 174/210/202 175/235/226 166/211/203
f 166/211/203 175/235/226 167/236/227
f 166/211/203 167/236/227 158/212/204
f 158/212/204 167/236/227 159/237/228
f 158/212/204 159/237/228 150/213/205
f 150/213/205 159/237/228 151/238/229
f 150/213/205 151/238/229 142/214/206
f 142/214/206 151/238/229 143/239/230
f 142/214/206 143/239/230 134/215/207
f 134/215/207 143/239/230 135/240/231
f 134/215/207 135/240/231 126/216/208
f 126/216/208 135/240/231 127/241/232
f 126/216/208 127/241/232 118/217/209
f 118/217/209 127/241/232 119/242/233
f 118/217/209 119/242/233 110/218/210
f 110/218/210 119/242/233 111/243/234
f 110/218/210 111/243/234 102/219/211
f 102/219/211 111/243/234 103/244/235
f 102/219/211 103/244/235 94/220/212
f 94/220/212 103/244/235 95/245/236
f 94/220/212 95/245/236 86/221/213
f 86/221/213 95/245/236 87/246/237
f 86/221/213 87/246/237 78/222/214
f 78/222/214 87/246/237 79/247/238
f 78/222/214 79/247/238 70/223/215
f 70/223/215 79/247/238 71/248/239
f 70/223/215 71/248/239 62/224/216
f 62/224/216 71/248/239 63/249/240
f 62/224/216 63/249/240 54/225/193
f 54/225/193 63/249/240 55/250/217
f 55/226/217 56/54/52 239/227/218
f 239/227/218 56/54/52 240/52/50
f 239/227/218 240/52/50 231/228/219
f 231/228/219 240/52/50 232/100/96
f 231/228/219 232/100/96 223/229/220
f 223/229/220 232/100/96 224/98/94
f 223/229/220 224/98/94 215/230/221
f 215/230/221 224/98/94 216/96/92
f 215/230/221 216/96/92 207/231/222
f 207/231/222 216/96/92 208/94/90
f 207/231/222 208/94/90 199/232/223
f 199/232/223 208/94/90 200/92/88
f 199/232/223 200/92/88 191/233/224
f 191/233/224 200/92/88 192/90/86
f 191/233/224 192/90/86 183/234/225
f 183/234/225 192/90/86 184/88/84
f 183/234/225 184/88/84 175/235/226
f 175/235/226 184/88/84 176/86/82
f 175/235/226 176/86/82 167/236/227
f 167/236/227 176/86/82 168/84/80
f 167/236/227 168/84/80 159/237/228
f 159/237/228 168/84/80 160/82/78
f 159/237/228 160/82/78 151/238/229
f 151/238/229 160/82/78 152/80/76
f 151/238/229 152/80/76 143/239/230
f 143/239/230 152/80/76 144/78/74
f 143/239/230 144/78/74 135/240/231
f 135/240/231 144/78/74 136/76/72
f 135/240/231 136/76/72 127/241/232
f 127/241/232 136/76/72 128/74/70
f 127/241/232 128/74/70 119/242/233
f 119/242/233 128/74/70 120/72/68
f 119/242/233 120/72/68 111/243/234
f 111/243/234 120/72/68 112/70/66
f 111/243/234 112/70/66 103/244/235
f 103/244/235 112/70/66 104/68/64
f 103/244/235 104/68/64 95/245/236
f 95/245/236 104/68/64 96/66/62
f 95/245/236 96/66/62 87/246/237
f 87/246/237 96/66/62 88/64/60
f 87/246/237 88/64/60 79/247/238
f 79/247/238 88/64/60 80/62/58
f 79/247/238 80/62/58 71/248/239
f 71/248/239 80/62/58 72/60/56
f 71/248/239 72/60/56 63/249/240
f 63/249/240 72/60/56 64/58/54
f 63/249/240 64/58/54 55/250/217
f 55/250/217 64/58/54 56/56/52
f 24/251/241 14/252/242 1/253/243
f 1/253/243 14/252/242 13/254/244
f 1/253/243 13/254/244 2/255/245
f 2/255/245 13/254/244 12/256/246
f 2/255/245 12/256/246 3/257/247
f 3/257/247 12/256/246 11/258/248
f 3/257/247 11/258/248 4/259/249
f 4/259/249 11/258/248 10/260/250
f 4/259/249 10/260/250 5/261/251
f 5/261/251 10/260/250 9/262/252
f 5/261/251 9/262/252 6/263/253
f 6/263/253 9/262/252 8/264/254
f 6/263/253 8/264/254 7/265/255
f 14/252/242 24/251/241 15/266/256
f 15/266/256 24/251/241 23/267/257
f 15/266/256 23/267/257 16/268/258
f 16/268/258 23/267/257 22/269/259
f 16/268/258 22/269/259 17/270/260
f 17/270/260 22/269/259 21/271/261
f 17/270/260 21/271/261 18/272/262
f 18/272/262 21/271/261 20/273/263
f 18/272/262 20/273/263 19/274/264
f 48/275/265 38/276/266 25/277/267
f 25/277/267 38/276/266 37/278/268
f 25/277/267 37/278/268 26/279/269
f 26/279/269 37/278/268 36/280/270
f 26/279/269 36/280/270 27/281/271
f 27/281/271 36/280/270 35/282/272
f 27/281/271 35/282/272 28/283/273
f 28/283/273 35/282/272 34/284/274
f 28/283/273 34/284/274 29/285/275
f 29/285/275 34/284/274 33/286/276
f 29/285/275 33/286/276 30/287/277
f 30/287/277 33/286/276 32/288/278
f 30/287/277 32/288/278 31/289/279
f 38/276/266 48/275/265 39/290/280
f 39/290/280 48/275/265 47/291/281
f 39/290/280 47/291/281 40/292/282
f 40/292/282 47/291/281 46/293/283
f 40/292/282 46/293/283 41/294/284
f 41/294/284 46/293/283 45/295/285
f 41/294/284 45/295/285 42/296/286
f 42/296/286 45/295/285 44/297/287
f 42/296/286 44/297/287 43/298/288
g Body2

v 3.619000 30.480000 0.000000
v 3.631982 30.480000 -0.098610
v 3.670044 30.480000 -0.190500
v 3.730592 30.480000 -0.269408
v 3.809500 30.480000 -0.329956
v 3.901390 30.480000 -0.368018
v 4.000000 30.480000 -0.381000
v 4.098610 30.480000 -0.368018
v 4.190500 30.480000 -0.329956
v 4.269408 30.480000 -0.269408
v 4.329956 30.480000 -0.190500
v 4.368018 30.480000 -0.098610
v 4.381000 30.480000 0.000000
v 4.368018 30.480000 0.098610
v 4.329956 30.480000 0.190500
v 4.269408 30.480000 0.269408
v 4.190500 30.480000 0.329956
v 4.098610 30.480000 0.368018
v 4.000000 30.480000 0.381000
v 3.901390 30.480000 0.368018
v 3.809500 30.480000 0.329956
v 3.730592 30.480000 0.269408
v 3.670044 30.480000 0.190500
v 3.631982 30.480000 0.098610
v 3.619000 0.000000 0.000000
v 3.631982 0.000000 0.098610
v 3.670044 0.000000 0.190500
v 3.730592 0.000000 0.269408
v 3.809500 0.000000 0.329956
v 3.901390 0.000000 0.368018
v 4.000000 0.000000 0.381000
v 4.098610 0.000000 0.368018
v 4.190500 0.000000 0.329956
v 4.269408 0.000000 0.269408
v 4.329956 0.000000 0.190500
v 4.368018 0.000000 0.098610
v 4.381000 0.000000 0.000000
v 4.368018 0.000000 -0.098610
v 4.329956 0.000000 -0.190500
v 4.269408 0.000000 -0.269408
v 4.190500 0.000000 -0.329956
v 4.098610 0.000000 -0.368018
v 4.000000 0.000000 -0.381000
v 3.901390 0.000000 -0.368018
v 3.809500 0.000000 -0.329956
v 3.730592 0.000000 -0.269408
v 3.670044 0.000000 -0.190500
v 3.631982 0.000000 -0.098610
v 3.619000 28.448000 0.000000
v 3.619000 26.416000 0.000000
v 3.619000 24.384000 0.000000
v 3.619000 22.352000 0.000000
v 3.619000 20.320000 0.000000
v 3.619000 18.288000 0.000000
v 3.619000 16.256000 0.000000
v 3.619000 14.224000 0.000000
v 3.619000 12.192000 0.000000
v 3.619000 10.160000 0.000000
v 3.619000 8.128000 0.000000
v 3.619000 6.096000 0.000000
v 3.619000 4.064000 0.000000
v 3.619000 2.032000 0.000000
v 3.631982 28.448000 -0.098610
v 3.631982 26.416000 -0.098610
v 3.631982 24.384000 -0.098610
v 3.631982 22.352000 -0.098610
v 3.631982 20.320000 -0.098610
v 3.631982 18.288000 -0.098610
v 3.631982 16.256000 -0.098610
v 3.631982 14.224000 -0.098610
v 3.631982 12.192000 -0.098610
v 3.631982 10.160000 -0.098610
v 3.631982 8.128000 -0.098610
v 3.631982 6.096000 -0.098610
v 3.631982 4.064000 -0.098610
v 3.631982 2.032000 -0.098610
v 3.670044 28.448000 -0.190500
v 3.670044 26.416000 -0.190500
v 3.670044 24.384000 -0.190500
v 3.670044 22.352000 -0.190500
v 3.670044 20.320000 -0.190500
v 3.670044 18.288000 -0.190500
v 3.670044 16.256000 -0.190500
v 3.670044 14.224000 -0.190500
v 3.670044 12.192000 -0.190500
v 3.670044 10.160000 -0.190500
v 3.670044 8.128000 -0.190500
v 3.670044 6.096000 -0.190500
v 3.670044 4.064000 -0.190500
v 3.670044 2.032000 -0.190500
v 3.730592 28.448000 -0.269408
v 3.730592 26.416000 -0.269408
v 3.730592 24.384000 -0.269408
v 3.730592 22.352000 -0.269408
v 3.730592 20.320000 -0.269408
v 3.730592 18.288000 -0.269408
v 3.730592 16.256000 -0.269408
v 3.730592 14.224000 -0.269408
v 3.730592 12.192000 -0.269408
v 3.730592 10.160000 -0.269408
v 3.730592 8.128000 -0.269408
v 3.730592 6.096000 -0.269408
v 3.730592 4.064000 -0.269408
v 3.730592 2.032000 -0.269408
v 3.809500 28.448000 -0.329956
v 3.809500 26.416000 -0.329956
v 3.809500 24.384000 -0.329956
v 3.809500 22.352000 -0.329956
v 3.809500 20.320000 -0.329956
v 3.809500 18.288000 -0.329956
v 3.809500 16.256000 -0.329956
v 3.809500 14.224000 -0.329956
v 3.809500 12.192000 -0.329956
v 3.809500 10.160000 -0.329956
v 3.809500 8.128000 -0.329956
v 3.809500 6.096000 -0.329956
v 3.809500 4.064000 -0.329956
v 3.809500 2.032000 -0.329956
v 3.901390 28.448000 -0.368018
v 3.901390 26.416000 -0.368018
v 3.901390 24.384000 -0.368018
v 3.901390 22.352000 -0.368018
v 3.901390 20.320000 -0.368018
v 3.901390 18.288000 -0.368018
v 3.901390 16.256000 -0.368018
v 3.901390 14.224000 -0.368018
v 3.901390 12.192000 -0.368018
v 3.901390 10.160000 -0.368018
v 3.901390 8.128000 -0.368018
v 3.901390 6.096000 -0.368018
v 3.901390 4.064000 -0.368018
v 3.901390 2.032000 -0.368018
v 4.000000 28.448000 -0.381000
v 4.000000 26.416000 -0.381000
v 4.000000 24.384000 -0.381000
v 4.000000 22.352000 -0.381000
v 4.000000 20.320000 -0.381000
v 4.000000 18.288000 -0.381000
v 4.000000 16.256000 -0.381000
v 4.000000 14.224000 -0.381000
v 4.000000 12.192000 -0.381000
v 4.000000 10.160000 -0.381000
v 4.000000 8.128000 -0.381000
v 4.000000 6.096000 -0.381000
v 4.000000 4.064000 -0.381000
v 4.000000 2.032000 -0.381000
v 4.098610 28.448000 -0.368018
v 4.098610 26.416000 -0.368018
v 4.098610 24.384000 -0.368018
v 4.098610 22.352000 -0.368018
v 4.098610 20.320000 -0.368018
v 4.098610 18.288000 -0.368018
v 4.098610 16.256000 -0.368018
v 4.098610 14.224000 -0.368018
v 4.098610 12.192000 -0.368018
v 4.098610 10.160000 -0.368018
v 4.098610 8.128000 -0.368018
v 4.098610 6.096000 -0.368018
v 4.098610 4.064000 -0.368018
v 4.098610 2.032000 -0.368018
v 4.190500 28.448000 -0.329956
v 4.190500 26.416000 -0.329956
v 4.190500 24.384000 -0.329956
v 4.190500 22.352000 -0.329956
v 4.190500 20.320000 -0.329956
v 4.190500 18.288000 -0.329956
v 4.190500 16.256000 -0.329956
v 4.190500 14.224000 -0.329956
v 4.190500 12.192000 -0.329956
v 4.190500 10.160000 -0.329956
v 4.190500 8.128000 -0.329956
v 4.190500 6.096000 -0.329956
v 4.190500 4.064000 -0.329956
v 4.190500 2.032000 -0.329956
v 4.269408 28.448000 -0.269408
v 4.269408 26.416000 -0.269408
v 4.269408 24.384000 -0.269408
v 4.269408 22.352000 -0.269408
v 4.269408 20.320000 -0.269408
v 4.269408 18.288000 -0.269408
v 4.269408 16.256000 -0.269408
v 4.269408 14.224000 -0.269408
v 4.269408 12.192000 -0.269408
v 4.269408 10.160000 -0.269408
v 4.269408 8.128000 -0.269408
v 4.269408 6.096000 -0.269408
v 4.269408 4.064000 -0.269408
v 4.269408 2.032000 -0.269408
v 4.329956 28.448000 -0.190500
v 4.329956 26.416000 -0.190500
v 4.329956 24.384000 -0.190500
v 4.329956 22.352000 -0.190500
v 4.329956 20.320000 -0.190500
v 4.329956 18.288000 -0.190500
v 4.329956 16.256000 -0.190500
v 4.329956 14.224000 -0.190500
v 4.329956 12.192000 -0.190500
v 4.329956 10.160000 -0.190500
v 4.329956 8.128000 -0.190500
v 4.329956 6.096000 -0.190500
v 4.329956 4.064000 -0.190500
v 4.329956 2.032000 -0.190500
v 4.368018 28.448000 -0.098610
v 4.368018 26.416000 -0.098610
v 4.368018 24.384000 -0.098610
v 4.368018 22.352000 -0.098610
v 4.368018 20.320000 -0.098610
v 4.368018 18.288000 -0.098610
v 4.368018 16.256000 -0.098610
v 4.368018 14.224000 -0.098610
v 4.368018 12.192000 -0.098610
v 4.368018 10.160000 -0.098610
v 4.368018 8.128000 -0.098610
v 4.368018 6.096000 -0.098610
v 4.368018 4.064000 -0.098610
v 4.368018 2.032000 -0.098610
v 4.381000 28.448000 0.000000
v 4.381000 26.416000 0.000000
v 4.381000 24.384000 0.000000
v 4.381000 22.352000 0.000000
v 4.381000 20.320000 0.000000
v 4.381000 18.288000 0.000000
v 4.381000 16.256000 0.000000
v 4.381000 14.224000 0.000000
v 4.381000 12.192000 0.000000
v 4.381000 10.160000 0.000000
v 4.381000 8.128000 0.000000
v 4.381000 6.096000 0.000000
v 4.381000 4.064000 0.000000
v 4.381000 2.032000 0.000000
v 4.368018 28.448000 0.098610
v 4.368018 26.416000 0.098610
v 4.368018 24.384000 0.098610
v 4.368018 22.352000 0.098610
v 4.368018 20.320000 0.098610
v 4.368018 18.288000 0.098610
v 4.368018 16.256000 0.098610
v 4.368018 14.224000 0.098610
v 4.368018 12.192000 0.098610
v 4.368018 10.160000 0.098610
v 4.368018 8.128000 0.098610
v 4.368018 6.096000 0.098610
v 4.368018 4.064000 0.098610
v 4.368018 2.032000 0.098610
v 4.329956 28.448000 0.190500
v 4.329956 26.416000 0.190500
v 4.329956 24.384000 0.190500
v 4.329956 22.352000 0.190500
v 4.329956 20.320000 0.190500
v 4.329956 18.288000 0.190500
v 4.329956 16.256000 0.190500
v 4.329956 14.224000 0.190500
v 4.329956 12.192000 0.190500
v 4.329956 10.160000 0.190500
v 4.329956 8.128000 0.190500
v 4.329956 6.096000 0.190500
v 4.329956 4.064000 0.190500
v 4.329956 2.032000 0.190500
v 4.269408 28.448000 0.269408
v 4.269408 26.416000 0.269408
v 4.269408 24.384000 0.269408
v 4.269408 22.352000 0.269408
v 4.269408 20.320000 0.269408
v 4.269408 18.288000 0.269408
v 4.269408 16.256000 0.269408
v 4.269408 14.224000 0.269408
v 4.269408 12.192000 0.269408
v 4.269408 10.160000 0.269408
v 4.269408 8.128000 0.269408
v 4.269408 6.096000 0.269408
v 4.269408 4.064000 0.269408
v 4.269408 2.032000 0.269408
v 4.190500 28.448000 0.329956
v 4.190500 26.416000 0.329956
v 4.190500 24.384000 0.329956
v 4.190500 22.352000 0.329956
v 4.190500 20.320000 0.329956
v 4.190500 18.288000 0.329956
v 4.190500 16.256000 0.329956
v 4.190500 14.224000 0.329956
v 4.190500 12.192000 0.329956
v 4.190500 10.160000 0.329956
v 4.190500 8.128000 0.329956
v 4.190500 6.096000 0.329956
v 4.190500 4.064000 0.329956
v 4.190500 2.032000 0.329956
v 4.098610 28.448000 0.368018
v 4.098610 26.416000 0.368018
v 4.098610 24.384000 0.368018
v 4.098610 22.352000 0.368018
v 4.098610 20.320000 0.368018
v 4.098610 18.288000 0.368018
v 4.098610 16.256000 0.368018
v 4.098610 14.224000 0.368018
v 4.098610 12.192000 0.368018
v 4.098610 10.160000 0.368018
v 4.098610 8.128000 0.368018
v 4.098610 6.096000 0.368018
v 4.098610 4.064000 0.368018
v 4.098610 2.032000 0.368018
v 4.000000 28.448000 0.381000
v 4.000000 26.416000 0.381000
v 4.000000 24.384000 0.381000
v 4.000000 22.352000 0.381000
v 4.000000 20.320000 0.381000
v 4.000000 18.288000 0.381000
v 4.000000 16.256000 0.381000
v 4.000000 14.224000 0.381000
v 4.000000 12.192000 0.381000
v 4.000000 10.160000 0.381000
v 4.000000 8.128000 0.381000
v 4.000000 6.096000 0.381000
v 4.000000 4.064000 0.381000
v 4.000000 2.032000 0.381000
v 3.901390 28.448000 0.368018
v 3.901390 26.416000 0.368018
v 3.901390 24.384000 0.368018
v 3.901390 22.352000 0.368018
v 3.901390 20.320000 0.368018
v 3.901390 18.288000 0.368018
v 3.901390 16.256000 0.368018
v 3.901390 14.224000 0.368018
v 3.901390 12.192000 0.368018
v 3.901390 10.160000 0.368018
v 3.901390 8.128000 0.368018
v 3.901390 6.096000 0.368018
v 3.901390 4.064000 0.368018
v 3.901390 2.032000 0.368018
v 3.809500 28.448000 0.329956
v 3.809500 26.416000 0.329956
v 3.809500 24.384000 0.329956
v 3.809500 22.352000 0.329956
v 3.809500 20.320000 0.329956
v 3.809500 18.288000 0.329956
v 3.809500 16.256000 0.329956
v 3.809500 14.224000 0.329956
v 3.809500 12.192000 0.329956
v 3.809500 10.160000 0.329956
v 3.809500 8.128000 0.329956
v 3.809500 6.096000 0.329956
v 3.809500 4.064000 0.329956
v 3.809500 2.032000 0.329956
v 3.730592 28.448000 0.269408
v 3.730592 26.416000 0.269408
v 3.730592 24.384000 0.269408
v 3.730592 22.352000 0.269408
v 3.730592 20.320000 0.269408
v 3.730592 18.288000 0.269408
v 3.730592 16.256000 0.269408
v 3.730592 14.224000 0.269408
v 3.730592 12.192000 0.269408
v 3.730592 10.160000 0.269408
v 3.730592 8.128000 0.269408
v 3.730592 6.096000 0.269408
v 3.730592 4.064000 0.269408
v 3.730592 2.032000 0.269408
v 3.670044 28.448000 0.190500
v 3.670044 26.416000 0.190500
v 3.670044 24.384000 0.190500
v 3.670044 22.352000 0.190500
v 3.670044 20.320000 0.190500
v 3.670044 18.288000 0.190500
v 3.670044 16.256000 0.190500
v 3.670044 14.224000 0.190500
v 3.670044 12.192000 0.190500
v 3.670044 10.160000 0.190500
v 3.670044 8.128000 0.190500
v 3.670044 6.096000 0.190500
v 3.670044 4.064000 0.190500
v 3.670044 2.032000 0.190500
v 3.631982 28.448000 0.098610
v 3.631982 26.416000 0.098610
v 3.631982 24.384000 0.098610
v 3.631982 22.352000 0.098610
v 3.631982 20.320000 0.098610
v 3.631982 18.288000 0.098610
v 3.631982 16.256000 0.098610
v 3.631982 14.224000 0.098610
v 3.631982 12.192000 0.098610
v 3.631982 10.160000 0.098610
v 3.631982 8.128000 0.098610
v 3.631982 6.096000 0.098610
v 3.631982 4.064000 0.098610
v 3.631982 2.032000 0.098610
vt -30.480000 1.097201 0.000000
vt -28.448000 1.097201 0.000000
vt -30.480000 1.196947 0.000000
vt -28.448000 1.196947 0.000000
vt -30.480000 -1.196947 0.000000
vt -28.448000 -1.196947 0.000000
vt -30.480000 -1.097201 0.000000
vt -28.448000 -1.097201 0.000000
vt -30.480000 -0.997456 0.000000
vt -28.448000 -0.997456 0.000000
vt -30.480000 -0.897710 0.000000
vt -28.448000 -0.897710 0.000000
vt -30.480000 -0.797965 0.000000
vt -28.448000 -0.797965 0.000000
vt -30.480000 -0.698219 0.000000
vt -28.448000 -0.698219 0.000000
vt -30.480000 -0.598473 0.000000
vt -28.448000 -0.598473 0.000000
vt -30.480000 -0.498728 0.000000
vt -28.448000 -0.498728 0.000000
vt -30.480000 -0.398982 0.000000
vt -28.448000 -0.398982 0.000000
vt -30.480000 -0.299237 0.000000
vt -28.448000 -0.299237 0.000000
vt -30.480000 -0.199491 0.000000
vt -28.448000 -0.199491 0.000000
vt -30.480000 -0.099746 0.000000
vt -28.448000 -0.099746 0.000000
vt -30.480000 0.000000 0.000000
vt -28.448000 0.000000 0.000000
vt -30.480000 0.099746 0.000000
vt -28.448000 0.099746 0.000000
vt -30.480000 0.199491 0.000000
vt -28.448000 0.199491 0.000000
vt -30.480000 0.299237 0.000000
vt -28.448000 0.299237 0.000000
vt -30.480000 0.398982 0.000000
vt -28.448000 0.398982 0.000000
vt -30.480000 0.498728 0.000000
vt -28.448000 0.498728 0.000000
vt -30.480000 0.598473 0.000000
vt -28.448000 0.598473 0.000000
vt -30.480000 0.698219 0.000000
vt -28.448000 0.698219 0.000000
vt -30.480000 0.797965 0.000000
vt -28.448000 0.797965 0.000000
vt -30.480000 0.897710 0.000000
vt -28.448000 0.897710 0.000000
vt -30.480000 0.997456 0.000000
vt -28.448000 0.997456 0.000000
vt -0.000000 -1.097201 0.000000
vt -2.032000 -1.097201 0.000000
vt -0.000000 -1.196947 0.000000
vt -2.032000 -1.196947 0.000000
vt -0.000000 1.196947 0.000000
vt -2.032000 1.196947 0.000000
vt -0.000000 1.097201 0.000000
vt -2.032000 1.097201 0.000000
vt -0.000000 0.997456 0.000000
vt -2.032000 0.997456 0.000000
vt -0.000000 0.897710 0.000000
vt -2.032000 0.897710 0.000000
vt -0.000000 0.797965 0.000000
vt -2.032000 0.797965 0.000000
vt -0.000000 0.698219 0.000000
vt -2.032000 0.698219 0.000000
vt -0.000000 0.598473 0.000000
vt -2.032000 0.598473 0.000000
vt -0.000000 0.498728 0.000000
vt -2.032000 0.498728 0.000000
vt -0.000000 0.398982 0.000000
vt -2.032000 0.398982 0.000000
vt -0.000000 0.299237 0.000000
vt -2.032000 0.299237 0.000000
vt -0.000000 0.199491 0.000000
vt -2.032000 0.199491 0.000000
vt -0.000000 0.099746 0.000000
vt -2.032000 0.099746 0.000000
vt -0.000000 0.000000 0.000000
vt -2.032000 0.000000 0.000000
vt -0.000000 -0.099746 0.000000
vt -2.032000 -0.099746 0.000000
vt -0.000000 -0.199491 0.000000
vt -2.032000 -0.199491 0.000000
vt -0.000000 -0.299237 0.000000
vt -2.032000 -0.299237 0.000000
vt -0.000000 -0.398982 0.000000
vt -2.032000 -0.398982 0.000000
vt -0.000000 -0.498728 0.000000
vt -2.032000 -0.498728 0.000000
vt -0.000000 -0.598473 0.000000
vt -2.032000 -0.598473 0.000000
vt -0.000000 -0.698219 0.000000
vt -2.032000 -0.698219 0.000000
vt -0.000000 -0.797965 0.000000
vt -2.032000 -0.797965 0.000000
vt -0.000000 -0.897710 0.000000
vt -2.032000 -0.897710 0.000000
vt -0.000000 -0.997456 0.000000
vt -2.032000 -0.997456 0.000000
vt -26.416000 -1.196947 0.000000
vt -26.416000 -1.097201 0.000000
vt -26.416000 -0.997456 0.000000
vt -26.416000 -0.897710 0.000000
vt -26.416000 -0.797965 0.000000
vt -26.416000 -0.698219 0.000000
vt -26.416000 -0.598473 0.000000
vt -26.416000 -0.498728 0.000000
vt -26.416000 -0.398982 0.000000
vt -26.416000 -0.299237 0.000000
vt -26.416000 -0.199491 0.000000
vt -26.416000 -0.099746 0.000000
vt -26.416000 0.000000 0.000000
vt -26.416000 0.099746 0.000000
vt -26.416000 0.199491 0.000000
vt -26.416000 0.299237 0.000000
vt -26.416000 0.398982 0.000000
vt -26.416000 0.498728 0.000000
vt -26.416000 0.598473 0.000000
vt -26.416000 0.698219 0.000000
vt -26.416000 0.797965 0.000000
vt -26.416000 0.897710 0.000000
vt -26.416000 0.997456 0.000000
vt -26.416000 1.097201 0.000000
vt -26.416000 1.196947 0.000000
vt -24.384000 -1.196947 0.000000
vt -24.384000 -1.097201 0.000000
vt -24.384000 -0.997456 0.000000
vt -24.384000 -0.897710 0.000000
vt -24.384000 -0.797965 0.000000
vt -24.384000 -0.698219 0.000000
vt -24.384000 -0.598473 0.000000
vt -24.384000 -0.498728 0.000000
vt -24.384000 -0.398982 0.000000
vt -24.384000 -0.299237 0.000000
vt -24.384000 -0.199491 0.000000
vt -24.384000 -0.099746 0.000000
vt -24.384000 0.000000 0.000000
vt -24.384000 0.099746 0.000000
vt -24.384000 0.199491 0.000000
vt -24.384000 0.299237 0.000000
vt -24.384000 0.398982 0.000000
vt -24.384000 0.498728 0.000000
vt -24.384000 0.598473 0.000000
vt -24.384000 0.698219 0.000000
vt -24.384000 0.797965 0.000000
vt -24.384000 0.897710 0.000000
vt -24.384000 0.997456 0.000000
vt -24.384000 1.097201 0.000000
vt -24.384000 1.196947 0.000000
vt -22.352000 -1.196947 0.000000
vt -22.352000 -1.097201 0.000000
vt -22.352000 -0.997456 0.000000
vt -22.352000 -0.897710 0.000000
vt -22.352000 -0.797965 0.000000
vt -22.352000 -0.698219 0.000000
vt -22.352000 -0.598473 0.000000
vt -22.352000 -0.498728 0.000000
vt -22.352000 -0.398982 0.000000
vt -22.352000 -0.299237 0.000000
vt -22.352000 -0.199491 0.000000
vt -22.352000 -0.099746 0.000000
vt -22.352000 0.000000 0.000000
vt -22.352000 0.099746 0.000000
vt -22.352000 0.199491 0.000000
vt -22.352000 0.299237 0.000000
vt -22.352000 0.398982 0.000000
vt -22.352000 0.498728 0.000000
vt -22.352000 0.598473 0.000000
vt -22.352000 0.698219 0.000000
vt -22.352000 0.797965 0.000000
vt -22.352000 0.897710 0.000000
vt -22.352000 0.997456 0.000000
vt -22.352000 1.097201 0.000000
vt -22.352000 1.196947 0.000000
vt -20.320000 -1.196947 0.000000
vt -20.320000 -1.097201 0.000000
vt -20.320000 -0.997456 0.000000
vt -20.320000 -0.897710 0.000000
vt -20.320000 -0.797965 0.000000
vt -20.320000 -0.698219 0.000000
vt -20.320000 -0.598473 0.000000
vt -20.320000 -0.498728 0.000000
vt -20.320000 -0.398982 0.000000
vt -20.320000 -0.299237 0.000000
vt -20.320000 -0.199491 0.000000
vt -20.320000 -0.099746 0.000000
vt -20.320000 0.000000 0.000000
vt -20.320000 0.099746 0.000000
vt -20.320000 0.199491 0.000000
vt -20.320000 0.299237 0.000000
vt -20.320000 0.398982 0.000000
vt -20.320000 0.498728 0.000000
vt -20.320000 0.598473 0.000000
vt -20.320000 0.698219 0.000000
vt -20.320000 0.797965 0.000000
vt -20.320000 0.897710 0.000000
vt -20.320000 0.997456 0.000000
vt -20.320000 1.097201 0.000000
vt -20.320000 1.196947 0.000000
vt -18.288000 -1.196947 0.000000
vt -18.288000 -1.097201 0.000000
vt -18.288000 -0.997456 0.000000
vt -18.288000 -0.897710 0.000000
vt -18.288000 -0.797965 0.000000
vt -18.288000 -0.698219 0.000000
vt -18.288000 -0.598473 0.000000
vt -18.288000 -0.498728 0.000000
vt -18.288000 -0.398982 0.000000
vt -18.288000 -0.299237 0.000000
vt -18.288000 -0.199491 0.000000
vt -18.288000 -0.099746 0.000000
vt -18.288000 0.000000 0.000000
vt -18.288000 0.099746 0.000000
vt -18.288000 0.199491 0.000000
vt -18.288000 0.299237 0.000000
vt -18.288000 0.398982 0.000000
vt -18.288000 0.498728 0.000000
vt -18.288000 0.598473 0.000000
vt -18.288000 0.698219 0.000000
vt -18.288000 0.797965 0.000000
vt -18.288000 0.897710 0.000000
vt -18.288000 0.997456 0.000000
vt -18.288000 1.097201 0.000000
vt -18.288000 1.196947 0.000000
vt -16.256000 -1.196947 0.000000
vt -16.256000 -1.097201 0.000000
vt -16.256000 -0.997456 0.000000
vt -16.256000 -0.897710 0.000000
vt -16.256000 -0.797965 0.000000
vt -16.256000 -0.698219 0.000000
vt -16.256000 -0.598473 0.000000
vt -16.256000 -0.498728 0.000000
vt -16.256000 -0.398982 0.000000
vt -16.256000 -0.299237 0.000000
vt -16.256000 -0.199491 0.000000
vt -16.256000 -0.099746 0.000000
vt -16.256000 0.000000 0.000000
vt -16.256000 0.099746 0.000000
vt -16.256000 0.199491 0.000000
vt -16.256000 0.299237 0.000000
vt -16.256000 0.398982 0.000000
vt -16.256000 0.498728 0.000000
vt -16.256000 0.598473 0.000000
vt -16.256000 0.698219 0.000000
vt -16.256000 0.797965 0.000000
vt -16.256000 0.897710 0.000000
vt -16.256000 0.997456 0.000000
vt -16.256000 1.097201 0.000000
vt -16.256000 1.196947 0.000000
vt -14.224000 -1.196947 0.000000
vt -14.224000 -1.097201 0.000000
vt -14.224000 -0.997456 0.000000
vt -14.224000 -0.897710 0.000000
vt -14.224000 -0.797965 0.000000
vt -14.224000 -0.698219 0.000000
vt -14.224000 -0.598473 0.000000
vt -14.224000 -0.498728 0.000000
vt -14.224000 -0.398982 0.000000
vt -14.224000 -0.299237 0.000000
vt -14.224000 -0.199491 0.000000
vt -14.224000 -0.099746 0.000000
vt -14.224000 0.000000 0.000000
vt -14.224000 0.099746 0.000000
vt -14.224000 0.199491 0.000000
vt -14.224000 0.299237 0.000000
vt -14.224000 0.398982 0.000000
vt -14.224000 0.498728 0.000000
vt -14.224000 0.598473 0.000000
vt -14.224000 0.698219 0.000000
vt -14.224000 0.797965 0.000000
vt -14.224000 0.897710 0.000000
vt -14.224000 0.997456 0.000000
vt -14.224000 1.097201 0.000000
vt -14.224000 1.196947 0.000000
vt -12.192000 -1.196947 0.000000
vt -12.192000 -1.097201 0.000000
vt -12.192000 -0.997456 0.000000
vt -12.192000 -0.897710 0.000000
vt -12.192000 -0.797965 0.000000
vt -12.192000 -0.698219 0.000000
vt -12.192000 -0.598473 0.000000
vt -12.192000 -0.498728 0.000000
vt -12.192000 -0.398982 0.000000
vt -12.192000 -0.299237 0.000000
vt -12.192000 -0.199491 0.000000
vt -12.192000 -0.099746 0.000000
vt -12.192000 0.000000 0.000000
vt -12.192000 0.099746 0.000000
vt -12.192000 0.199491 0.000000
vt -12.192000 0.299237 0.000000
vt -12.192000 0.398982 0.000000
vt -12.192000 0.498728 0.000000
vt -12.192000 0.598473 0.000000
vt -12.192000 0.698219 0.000000
vt -12.192000 0.797965 0.000000
vt -12.192000 0.897710 0.000000
vt -12.192000 0.997456 0.000000
vt -12.192000 1.097201 0.000000
vt -12.192000 1.196947 0.000000
vt -10.160000 -1.196947 0.000000
vt -10.160000 -1.097201 0.000000
vt -10.160000 -0.997456 0.000000
vt -10.160000 -0.897710 0.000000
vt -10.160000 -0.797965 0.000000
vt -10.160000 -0.698219 0.000000
vt -10.160000 -0.598473 0.000000
vt -10.160000 -0.498728 0.000000
vt -10.160000 -0.398982 0.000000
vt -10.160000 -0.299237 0.000000
vt -10.160000 -0.199491 0.000000
vt -10.160000 -0.099746 0.000000
vt -10.160000 0.000000 0.000000
vt -10.160000 0.099746 0.000000
vt -10.160000 0.199491 0.000000
vt -10.160000 0.299237 0.000000
vt -10.160000 0.398982 0.000000
vt -10.160000 0.498728 0.000000
vt -10.160000 0.598473 0.000000
vt -10.160000 0.698219 0.000000
vt -10.160000 0.797965 0.000000
vt -10.160000 0.897710 0.000000
vt -10.160000 0.997456 0.000000
vt -10.160000 1.097201 0.000000
vt -10.160000 1.196947 0.000000
vt -8.128000 -1.196947 0.000000
vt -8.128000 -1.097201 0.000000
vt -8.128000 -0.997456 0.000000
vt -8.128000 -0.897710 0.000000
vt -8.128000 -0.797965 0.000000
vt -8.128000 -0.698219 0.000000
vt -8.128000 -0.598473 0.000000
vt -8.128000 -0.498728 0.000000
vt -8.128000 -0.398982 0.000000
vt -8.128000 -0.299237 0.000000
vt -8.128000 -0.199491 0.000000
vt -8.128000 -0.099746 0.000000
vt -8.128000 0.000000 0.000000
vt -8.128000 0.099746 0.000000
vt -8.128000 0.199491 0.000000
vt -8.128000 0.299237 0.000000
vt -8.128000 0.398982 0.000000
vt -8.128000 0.498728 0.000000
vt -8.128000 0.598473 0.000000
vt -8.128000 0.698219 0.000000
vt -8.128000 0.797965 0.000000
vt -8.128000 0.897710 0.000000
vt -8.128000 0.997456 0.000000
vt -8.128000 1.097201 0.000000
vt -8.128000 1.196947 0.000000
vt -6.096000 -1.196947 0.000000
vt -6.096000 -1.097201 0.000000
vt -6.096000 -0.997456 0.000000
vt -6.096000 -0.897710 0.000000
vt -6.096000 -0.797965 0.000000
vt -6.096000 -0.698219 0.000000
vt -6.096000 -0.598473 0.000000
vt -6.096000 -0.498728 0.000000
vt -6.096000 -0.398982 0.000000
vt -6.096000 -0.299237 0.000000
vt -6.096000 -0.199491 0.000000
vt -6.096000 -0.099746 0.000000
vt -6.096000 0.000000 0.000000
vt -6.096000 0.099746 0.000000
vt -6.096000 0.199491 0.000000
vt -6.096000 0.299237 0.000000
vt -6.096000 0.398982 0.000000
vt -6.096000 0.498728 0.000000
vt -6.096000 0.598473 0.000000
vt -6.096000 0.698219 0.000000
vt -6.096000 0.797965 0.000000
vt -6.096000 0.897710 0.000000
vt -6.096000 0.997456 0.000000
vt -6.096000 1.097201 0.000000
vt -6.096000 1.196947 0.000000
vt -4.064000 -1.196947 0.000000
vt -4.064000 -1.097201 0.000000
vt -4.064000 -0.997456 0.000000
vt -4.064000 -0.897710 0.000000
vt -4.064000 -0.797965 0.000000
vt -4.064000 -0.698219 0.000000
vt -4.064000 -0.598473 0.000000
vt -4.064000 -0.498728 0.000000
vt -4.064000 -0.398982 0.000000
vt -4.064000 -0.299237 0.000000
vt -4.064000 -0.199491 0.000000
vt -4.064000 -0.099746 0.000000
vt -4.064000 0.000000 0.000000
vt -4.064000 0.099746 0.000000
vt -4.064000 0.199491 0.000000
vt -4.064000 0.299237 0.000000
vt -4.064000 0.398982 0.000000
vt -4.064000 0.498728 0.000000
vt -4.064000 0.598473 0.000000
vt -4.064000 0.698219 0.000000
vt -4.064000 0.797965 0.000000
vt -4.064000 0.897710 0.000000
vt -4.064000 0.997456 0.000000
vt -4.064000 1.097201 0.000000
vt -4.064000 1.196947 0.000000
vt -0.368018 -0.098610 0.000000
vt 0.368018 -0.098610 0.000000
vt -0.381000 -0.000000 0.000000
vt 0.381000 0.000000 0.000000
vt -0.368018 0.098610 0.000000
vt 0.368018 0.098610 0.000000
vt -0.329956 0.190500 0.000000
vt 0.329956 0.190500 0.000000
vt -0.269408 0.269408 0.000000
vt 0.269408 0.269408 0.000000
vt -0.190500 0.329956 0.000000
vt 0.190500 0.329956 0.000000
vt -0.098610 0.368018 0.000000
vt 0.098610 0.368018 0.000000
vt 0.000000 0.381000 0.000000
vt 0.329956 -0.190500 0.000000
vt -0.329956 -0.190500 0.000000
vt 0.269408 -0.269408 0.000000
vt -0.269408 -0.269408 0.000000
vt 0.190500 -0.329956 0.000000
vt -0.190500 -0.329956 0.000000
vt 0.098610 -0.368018 0.000000
vt -0.098610 -0.368018 0.000000
vt 0.000000 -0.381000 0.000000
vt 0.368018 0.098610 0.000000
vt -0.368018 0.098610 0.000000
vt 0.381000 -0.000000 0.000000
vt -0.381000 0.000000 0.000000
vt 0.368018 -0.098610 0.000000
vt -0.368018 -0.098610 0.000000
vt 0.329956 -0.190500 0.000000
vt -0.329956 -0.190500 0.000000
vt 0.269408 -0.269408 0.000000
vt -0.269408 -0.269408 0.000000
vt 0.190500 -0.329956 0.000000
vt -0.190500 -0.329956 0.000000
vt 0.098610 -0.368018 0.000000
vt -0.098610 -0.368018 0.000000
vt -0.000000 -0.381000 0.000000
vt -0.329956 0.190500 0.000000
vt 0.329956 0.190500 0.000000
vt -0.269408 0.269408 0.000000
vt 0.269408 0.269408 0.000000
vt -0.190500 0.329956 0.000000
vt 0.190500 0.329956 0.000000
vt -0.098610 0.368018 0.000000
vt 0.098610 0.368018 0.000000
vt -0.000000 0.381000 0.000000
vn -0.965926 0.000000 -0.258819
vn -0.965926 0.000000 -0.258819
vn -1.000000 0.000000 -0.000000
vn -1.000000 0.000000 -0.000000
vn -0.965926 -0.000000 0.258819
vn -0.965926 -0.000000 0.258819
vn -0.866025 -0.000000 0.500000
vn -0.866025 -0.000000 0.500000
vn -0.707107 -0.000000 0.707107
vn -0.707107 -0.000000 0.707107
vn -0.500000 -0.000000 0.866025
vn -0.500000 -0.000000 0.866025
vn -0.258819 -0.000000 0.965926
vn -0.258819 -0.000000 0.965926
vn 0.000000 -0.000000 1.000000
vn 0.000000 -0.000000 1.000000
vn 0.258819 -0.000000 0.965926
vn 0.258819 -0.000000 0.965926
vn 0.500000 -0.000000 0.866025
vn 0.500000 -0.000000 0.866025
vn 0.707107 -0.000000 0.707107
vn 0.707107 -0.000000 0.707107
vn 0.866025 -0.000000 0.500000
vn 0.866025 -0.000000 0.500000
vn 0.965926 -0.000000 0.258819
vn 0.965926 -0.000000 0.258819
vn 1.000000 -0.000000 -0.000000
vn 1.000000 -0.000000 -0.000000
vn 0.965926 -0.000000 -0.258819
vn 0.965926 -0.000000 -0.258819
vn 0.866025 -0.000000 -0.500000
vn 0.866025 -0.000000 -0.500000
vn 0.707107 -0.000000 -0.707107
vn 0.707107 -0.000000 -0.707107
vn 0.500000 -0.000000 -0.866025
vn 0.500000 -0.000000 -0.866025
vn 0.258819 -0.000000 -0.965926
vn 0.258819 -0.000000 -0.965926
vn 0.000000 -0.000000 -1.000000
vn 0.000000 -0.000000 -1.000000
vn -0.258819 0.000000 -0.965926
vn -0.258819 0.000000 -0.965926
vn -0.500000 0.000000 -0.866025
vn -0.500000 0.000000 -0.866025
vn -0.707107 0.000000 -0.707107
vn -0.707107 0.000000 -0.707107
vn -0.866025 0.000000 -0.500000
vn -0.866025 0.000000 -0.500000
vn -0.965926 -0.000000 0.258819
vn -0.965926 -0.000000 0.258819
vn -1.000000 -0.000000 0.000000
vn -1.000000 -0.000000 0.000000
vn -0.965926 0.000000 -0.258819
vn -0.965926 0.000000 -0.258819
vn -0.866025 0.000000 -0.500000
vn -0.866025 0.000000 -0.500000
vn -0.707107 0.000000 -0.707107
vn -0.707107 0.000000 -0.707107
vn -0.500000 0.000000 -0.866025
vn -0.500000 0.000000 -0.866025
vn -0.258819 0.000000 -0.965926
vn -0.258819 0.000000 -0.965926
vn 0.000000 -0.000000 -1.000000
vn 0.000000 -0.000000 -1.000000
vn 0.258819 -0.000000 -0.965926
vn 0.258819 -0.000000 -0.965926
vn 0.500000 -0.000000 -0.866025
vn 0.500000 -0.000000 -0.866025
vn 0.707107 -0.000000 -0.707107
vn 0.707107 -0.000000 -0.707107
vn 0.866025 -0.000000 -0.500000
vn 0.866025 -0.000000 -0.500000
vn 0.965926 -0.000000 -0.258819
vn 0.965926 -0.000000 -0.258819
vn 1.000000 -0.000000 -0.000000
vn 1.000000 -0.000000 -0.000000
vn 0.965926 -0.000000 0.258819
vn 0.965926 -0.000000 0.258819
vn 0.866025 -0.000000 0.500000
vn 0.866025 -0.000000 0.500000
vn 0.707107 -0.000000 0.707107
vn 0.707107 -0.000000 0.707107
vn 0.500000 -0.000000 0.866025
vn 0.500000 -0.000000 0.866025
vn 0.258819 -0.000000 0.965926
vn 0.258819 -0.000000 0.965926
vn 0.000000 -0.000000 1.000000
vn 0.000000 -0.000000 1.000000
vn -0.258819 -0.000000 0.965926
vn -0.258819 -0.000000 0.965926
vn -0.500000 -0.000000 0.866025
vn -0.500000 -0.000000 0.866025
vn -0.707107 -0.000000 0.707107
vn -0.707107 -0.000000 0.707107
vn -0.866025 -0.000000 0.500000
vn -0.866025 -0.000000 0.500000
vn -1.000000 -0.000000 0.000000
vn -0.965926 -0.000000 0.258819
vn -0.866025 -0.000000 0.500000
vn -0.707107 -0.000000 0.707107
vn -0.500000 -0.000000 0.866025
vn -0.258819 -0.000000 0.965926
vn 0.000000 -0.000000 1.000000
vn 0.258819 -0.000000 0.965926
vn 0.500000 -0.000000 0.866025
vn 0.707107 -0.000000 0.707107
vn 0.866025 -0.000000 0.500000
vn 0.965926 -0.000000 0.258819
vn 1.000000 -0.000000 -0.000000
vn 0.965926 -0.000000 -0.258819
vn 0.866025 -0.000000 -0.500000
vn 0.707107 -0.000000 -0.707107
vn 0.500000 -0.000000 -0.866025
vn 0.258819 -0.000000 -0.965926
vn 0.000000 -0.000000 -1.000000
vn -0.258819 0.000000 -0.965926
vn -0.500000 0.000000 -0.866025
vn -0.707107 0.000000 -0.707107
vn -0.866025 0.000000 -0.500000
vn -0.965926 0.000000 -0.258819
vn -1.000000 -0.000000 0.000000
vn -0.965926 -0.000000 0.258819
vn -0.866025 -0.000000 0.500000
vn -0.707107 -0.000000 0.707107
vn -0.500000 -0.000000 0.866025
vn -0.258819 -0.000000 0.965926
vn 0.000000 -0.000000 1.000000
vn 0.258819 -0.000000 0.965926
vn 0.500000 -0.000000 0.866025
vn 0.707107 -0.000000 0.707107
vn 0.866025 -0.000000 0.500000
vn 0.965926 -0.000000 0.258819
vn 1.000000 -0.000000 -0.000000
vn 0.965926 -0.000000 -0.258819
vn 0.866025 -0.000000 -0.500000
vn 0.707107 -0.000000 -0.707107
vn 0.500000 -0.000000 -0.866025
vn 0.258819 -0.000000 -0.965926
vn 0.000000 -0.000000 -1.000000
vn -0.258819 0.000000 -0.965926
vn -0.500000 0.000000 -0.866025
vn -0.707107 0.000000 -0.707107
vn -0.866025 0.000000 -0.500000
vn -0.965926 0.000000 -0.258819
vn -1.000000 -0.000000 0.000000
vn -0.965926 -0.000000 0.258819
vn -0.866025 -0.000000 0.500000
vn -0.707107 -0.000000 0.707107
vn -0.500000 -0.000000 0.866025
vn -0.258819 -0.000000 0.965926
vn 0.000000 -0.000000 1.000000
vn 0.258819 -0.000000 0.965926
vn 0.500000 -0.000000 0.866025
vn 0.707107 -0.000000 0.707107
vn 0.866025 -0.000000 0.500000
vn 0.965926 -0.000000 0.258819
vn 1.000000 -0.000000 -0.000000
vn 0.965926 -0.000000 -0.258819
vn 0.866025 -0.000000 -0.500000
vn 0.707107 -0.000000 -0.707107
vn 0.500000 -0.000000 -0.866025
vn 0.258819 -0.000000 -0.965926
vn 0.000000 -0.000000 -1.000000
vn -0.258819 0.000000 -0.965926
vn -0.500000 0.000000 -0.866025
vn -0.707107 0.000000 -0.707107
vn -0.866025 0.000000 -0.500000
vn -0.965926 0.000000 -0.258819
vn -1.000000 -0.000000 0.000000
vn -0.965926 -0.000000 0.258819
vn -0.866025 -0.000000 0.500000
vn -0.707107 -0.000000 0.707107
vn -0.500000 -0.000000 0.866025
vn -0.258819 -0.000000 0.965926
vn 0.000000 -0.000000 1.000000
vn 0.258819 -0.000000 0.965926
vn 0.500000 -0.000000 0.866025
vn 0.707107 -0.000000 0.707107
vn 0.866025 -0.000000 0.500000
vn 0.965926 -0.000000 0.258819
vn 1.000000 -0.000000 -0.000000
vn 0.965926 -0.000000 -0.258819
vn 0.866025 -0.000000 -0.500000
vn 0.707107 -0.000000 -0.707107
vn 0.500000 -0.000000 -0.866025
vn 0.258819 -0.000000 -0.965926
vn 0.000000 -0.000000 -1.000000
vn -0.258819 0.000000 -0.965926
vn -0.500000 0.000000 -0.866025
vn -0.707107 0.000000 -0.707107
vn -0.866025 0.000000 -0.500000
vn -0.965926 0.000000 -0.258819
vn -1.000000 -0.000000 0.000000
vn -0.965926 -0.000000 0.258819
vn -0.866025 -0.000000 0.500000
vn -0.707107 -0.000000 0.707107
vn -0.500000 -0.000000 0.866025
vn -0.258819 -0.000000 0.965926
vn 0.000000 -0.000000 1.000000
vn 0.258819 -0.000000 0.965926
vn 0.500000 -0.000000 0.866025
vn 0.707107 -0.000000 0.707107
vn 0.866025 -0.000000 0.500000
vn 0.965926 -0.000000 0.258819
vn 1.000000 -0.000000 -0.000000
vn 0.965926 -0.000000 -0.258819
vn 0.866025 -0.000000 -0.500000
vn 0.707107 -0.000000 -0.707107
vn 0.500000 -0.000000 -0.866025
vn 0.258819 -0.000000 -0.965926
vn 0.000000 -0.000000 -1.000000
vn -0.258819 0.000000 -0.965926
vn -0.500000 0.000000 -0.866025
vn -0.707107 0.000000 -0.707107
vn -0.866025 0.000000 -0.500000
vn -0.965926 0.000000 -0.258819
vn -1.000000 -0.000000 0.000000
vn -0.965926 -0.000000 0.258819
vn -0.866025 -0.000000 0.500000
vn -0.707107 -0.000000 0.707107
vn -0.500000 -0.000000 0.866025
vn -0.258819 -0.000000 0.965926
vn 0.000000 -0.000000 1.000000
vn 0.258819 -0.000000 0.965926
vn 0.500000 -0.000000 0.866025
vn 0.707107 -0.000000 0.707107
vn 0.866025 -0.000000 0.500000
vn 0.965926 -0.000000 0.258819
vn 1.000000 -0.000000 -0.000000
vn 0.965926 -0.000000 -0.258819
vn 0.866025 -0.000000 -0.500000
vn 0.707107 -0.000000 -0.707107
vn 0.500000 -0.000000 -0.866025
vn 0.258819 -0.000000 -0.965926
vn 0.000000 -0.000000 -1.000000
vn -0.258819 0.000000 -0.965926
vn -0.500000 0.000000 -0.866025
vn -0.707107 0.000000 -0.707107
vn -0.866025 0.000000 -0.500000
vn -0.965926 0.000000 -0.258819
vn -1.000000 -0.000000 0.000000
vn -0.965926 -0.000000 0.258819
vn -0.866025 -0.000000 0.500000
vn -0.707107 -0.000000 0.707107
vn -0.500000 -0.000000 0.866025
vn -0.258819 -0.000000 0.965926
vn 0.000000 -0.000000 1.000000
vn 0.258819 -0.000000 0.965926
vn 0.500000 -0.000000 0.866025
vn 0.707107 -0.000000 0.707107
vn 0.866025 -0.000000 0.500000
vn 0.965926 -0.000000 0.258819
vn 1.000000 -0.000000 -0.000000
vn 0.965926 -0.000000 -0.258819
vn 0.866025 -0.000000 -0.500000
vn 0.707107 -0.000000 -0.707107
vn 0.500000 -0.000000 -0.866025
vn 0.258819 -0.000000 -0.965926
vn 0.000000 -0.000000 -1.000000
vn -0.258819 0.000000 -0.965926
vn -0.500000 0.000000 -0.866025
vn -0.707107 0.000000 -0.707107
vn -0.866025 0.000000 -0.500000
vn -0.965926 0.000000 -0.258819
vn -1.000000 -0.000000 0.000000
vn -0.965926 -0.000000 0.258819
vn -0.866025 -0.000000 0.500000
vn -0.707107 -0.000000 0.707107
vn -0.500000 -0.000000 0.866025
vn -0.258819 -0.000000 0.965926
vn 0.000000 -0.000000 1.000000
vn 0.258819 -0.000000 0.965926
vn 0.500000 -0.000000 0.866025
vn 0.707107 -0.000000 0.707107
vn 0.866025 -0.000000 0.500000
vn 0.965926 -0.000000 0.258819
vn 1.000000 -0.000000 -0.000000
vn 0.965926 -0.000000 -0.258819
vn 0.866025 -0.000000 -0.500000
vn 0.707107 -0.000000 -0.707107
vn 0.500000 -0.000000 -0.866025
vn 0.258819 -0.000000 -0.965926
vn 0.000000 -0.000000 -1.000000
vn -0.258819 0.000000 -0.965926
vn -0.500000 0.000000 -0.866025
vn -0.707107 0.000000 -0.707107
vn -0.866025 0.000000 -0.500000
vn -0.965926 0.000000 -0.258819
vn -1.000000 -0.000000 0.000000
vn -0.965926 -0.000000 0.258819
vn -0.866025 -0.000000 0.500000
vn -0.707107 -0.000000 0.707107
vn -0.500000 -0.000000 0.866025
vn -0.258819 -0.000000 0.965926
vn 0.000000 -0.000000 1.000000
vn 0.258819 -0.000000 0.965926
vn 0.500000 -0.000000 0.866025
vn 0.707107 -0.000000 0.707107
vn 0.866025 -0.000000 0.500000
vn 0.965926 -0.000000 0.258819
vn 1.000000 -0.000000 -0.000000
vn 0.965926 -0.000000 -0.258819
vn 0.866025 -0.000000 -0.500000
vn 0.707107 -0.000000 -0.707107
vn 0.500000 -0.000000 -0.866025
vn 0.258819 -0.000000 -0.965926
vn 0.000000 -0.000000 -1.000000
vn -0.258819 0.000000 -0.965926
vn -0.500000 0.000000 -0.866025
vn -0.707107 0.000000 -0.707107
vn -0.866025 0.000000 -0.500000
vn -0.965926 0.000000 -0.258819
vn -1.000000 -0.000000 0.000000
vn -0.965926 -0.000000 0.258819
vn -0.866025 -0.000000 0.500000
vn -0.707107 -0.000000 0.707107
vn -0.500000 -0.000000 0.866025
vn -0.258819 -0.000000 0.965926
vn 0.000000 -0.000000 1.000000
vn 0.258819 -0.000000 0.965926
vn 0.500000 -0.000000 0.866025
vn 0.707107 -0.000000 0.707107
vn 0.866025 -0.000000 0.500000
vn 0.965926 -0.000000 0.258819
vn 1.000000 -0.000000 -0.000000
vn 0.965926 -0.000000 -0.258819
vn 0.866025 -0.000000 -0.500000
vn 0.707107 -0.000000 -0.707107
vn 0.500000 -0.000000 -0.866025
vn 0.258819 -0.000000 -0.965926
vn 0.000000 -0.000000 -1.000000
vn -0.258819 0.000000 -0.965926
vn -0.500000 0.000000 -0.866025
vn -0.707107 0.000000 -0.707107
vn -0.866025 0.000000 -0.500000
vn -0.965926 0.000000 -0.258819
vn -1.000000 -0.000000 0.000000
vn -0.965926 -0.000000 0.258819
vn -0.866025 -0.000000 0.500000
vn -0.707107 -0.000000 0.707107
vn -0.500000 -0.000000 0.866025
vn -0.258819 -0.000000 0.965926
vn 0.000000 -0.000000 1.000000
vn 0.258819 -0.000000 0.965926
vn 0.500000 -0.000000 0.866025
vn 0.707107 -0.000000 0.707107
vn 0.866025 -0.000000 0.500000
vn 0.965926 -0.000000 0.258819
vn 1.000000 -0.000000 -0.000000
vn 0.965926 -0.000000 -0.258819
vn 0.866025 -0.000000 -0.500000
vn 0.707107 -0.000000 -0.707107
vn 0.500000 -0.000000 -0.866025
vn 0.258819 -0.000000 -0.965926
vn 0.000000 -0.000000 -1.000000
vn -0.258819 0.000000 -0.965926
vn -0.500000 0.000000 -0.866025
vn -0.707107 0.000000 -0.707107
vn -0.866025 0.000000 -0.500000
vn -0.965926 0.000000 -0.258819
vn -1.000000 -0.000000 0.000000
vn -0.965926 -0.000000 0.258819
vn -0.866025 -0.000000 0.500000
vn -0.707107 -0.000000 0.707107
vn -0.500000 -0.000000 0.866025
vn -0.258819 -0.000000 0.965926
vn 0.000000 -0.000000 1.000000
vn 0.258819 -0.000000 0.965926
vn 0.500000 -0.000000 0.866025
vn 0.707107 -0.000000 0.707107
vn 0.866025 -0.000000 0.500000
vn 0.965926 -0.000000 0.258819
vn 1.000000 -0.000000 -0.000000
vn 0.965926 -0.000000 -0.258819
vn 0.866025 -0.000000 -0.500000
vn 0.707107 -0.000000 -0.707107
vn 0.500000 -0.000000 -0.866025
vn 0.258819 -0.000000 -0.965926
vn 0.000000 -0.000000 -1.000000
vn -0.258819 0.000000 -0.965926
vn -0.500000 0.000000 -0.866025
vn -0.707107 0.000000 -0.707107
vn -0.866025 0.000000 -0.500000
vn -0.965926 0.000000 -0.258819
vn 0.000000 1.000000 0.000000
vn 0.000000 1.000000 0.000000
vn 0.000000 1.000000 0.000000
vn 0.000000 1.000000 0.000000
vn 0.000000 1.000000 0.000000
vn 0.000000 1.000000 0.000000
vn 0.000000 1.000000 0.000000
vn 0.000000 1.000000 0.000000
vn 0.000000 1.000000 0.000000
vn 0.000000 1.000000 0.000000
vn 0.000000 1.000000 0.000000
vn 0.000000 1.000000 0.000000
vn 0.000000 1.000000 0.000000
vn 0.000000 1.000000 0.000000
vn 0.000000 1.000000 0.000000
vn 0.000000 1.000000 0.000000
vn 0.000000 1.000000 0.000000
vn 0.000000 1.000000 0.000000
vn 0.000000 1.000000 0.000000
vn 0.000000 1.000000 0.000000
vn 0.000000 1.000000 0.000000
vn 0.000000 1.000000 0.000000
vn 0.000000 1.000000 0.000000
vn 0.000000 1.000000 0.000000
vn -0.000000 -1.000000 -0.000000
vn -0.000000 -1.000000 -0.000000
vn -0.000000 -1.000000 -0.000000
vn -0.000000 -1.000000 -0.000000
vn -0.000000 -1.000000 -0.000000
vn -0.000000 -1.000000 -0.000000
vn -0.000000 -1.000000 -0.000000
vn -0.000000 -1.000000 -0.000000
vn -0.000000 -1.000000 -0.000000
vn -0.000000 -1.000000 -0.000000
vn -0.000000 -1.000000 -0.000000
vn -0.000000 -1.000000 -0.000000
vn -0.000000 -1.000000 -0.000000
vn -0.000000 -1.000000 -0.000000
vn -0.000000 -1.000000 -0.000000
vn -0.000000 -1.000000 -0.000000
vn -0.000000 -1.000000 -0.000000
vn -0.000000 -1.000000 -0.000000
vn -0.000000 -1.000000 -0.000000
vn -0.000000 -1.000000 -0.000000
vn -0.000000 -1.000000 -0.000000
vn -0.000000 -1.000000 -0.000000
vn -0.000000 -1.000000 -0.000000
vn -0.000000 -1.000000 -0.000000
f 242/299/289 303/300/290 241/301/291
f 241/301/291 303/300/290 289/302/292
f 241/303/291 289/304/292 264/305/293
f 264/305/293 289/304/292 611/306/294
f 264/305/293 611/306/294 263/307/295
f 263/307/295 611/306/294 597/308/296
f 263/307/295 597/308/296 262/309/297
f 262/309/297 597/308/296 583/310/298
f 262/309/297 583/310/298 261/311/299
f 261/311/299 583/310/298 569/312/300
f 261/311/299 569/312/300 260/313/301
f 260/313/301 569/312/300 555/314/302
f 260/313/301 555/314/302 259/315/303
f 259/315/303 555/314/302 541/316/304
f 259/315/303 541/316/304 258/317/305
f 258/317/305 541/316/304 527/318/306
f 258/317/305 527/318/306 257/319/307
f 257/319/307 527/318/306 513/320/308
f 257/319/307 513/320/308 256/321/309
f 256/321/309 513/320/308 499/322/310
f 256/321/309 499/322/310 255/323/311
f 255/323/311 499/322/310 485/324/312
f 255/323/311 485/324/312 254/325/313
f 254/325/313 485/324/312 471/326/314
f 254/325/313 471/326/314 253/327/315
f 253/327/315 471/326/314 457/328/316
f 253/327/315 457/328/316 252/329/317
f 252/329/317 457/328/316 443/330/318
f 252/329/317 443/330/318 251/331/319
f 251/331/319 443/330/318 429/332/320
f 251/331/319 429/332/320 250/333/321
f 250/333/321 429/332/320 415/334/322
f 250/333/321 415/334/322 249/335/323
f 249/335/323 415/334/322 401/336/324
f 249/335/323 401/336/324 248/337/325
f 248/337/325 401/336/324 387/338/326
f 248/337/325 387/338/326 247/339/327
f 247/339/327 387/338/326 373/340/328
f 247/339/327 373/340/328 246/341/329
f 246/341/329 373/340/328 359/342/330
f 246/341/329 359/342/330 245/343/331
f 245/343/331 359/342/330 345/344/332
f 245/343/331 345/344/332 244/345/333
f 244/345/333 345/344/332 331/346/334
f 244/345/333 331/346/334 243/347/335
f 243/347/335 331/346/334 317/348/336
f 243/347/335 317/348/336 242/299/289
f 242/299/289 317/348/336 303/300/290
f 266/349/337 624/350/338 265/351/339
f 265/351/339 624/350/338 302/352/340
f 265/353/339 302/354/340 288/355/341
f 288/355/341 302/354/340 316/356/342
f 288/355/341 316/356/342 287/357/343
f 287/357/343 316/356/342 330/358/344
f 287/357/343 330/358/344 286/359/345
f 286/359/345 330/358/344 344/360/346
f 286/359/345 344/360/346 285/361/347
f 285/361/347 344/360/346 358/362/348
f 285/361/347 358/362/348 284/363/349
f 284/363/349 358/362/348 372/364/350
f 284/363/349 372/364/350 283/365/351
f 283/365/351 372/364/350 386/366/352
f 283/365/351 386/366/352 282/367/353
f 282/367/353 386/366/352 400/368/354
f 282/367/353 400/368/354 281/369/355
f 281/369/355 400/368/354 414/370/356
f 281/369/355 414/370/356 280/371/357
f 280/371/357 414/370/356 428/372/358
f 280/371/357 428/372/358 279/373/359
f 279/373/359 428/372/358 442/374/360
f 279/373/359 442/374/360 278/375/361
f 278/375/361 442/374/360 456/376/362
f 278/375/361 456/376/362 277/377/363
f 277/377/363 456/376/362 470/378/364
f 277/377/363 470/378/364 276/379/365
f 276/379/365 470/378/364 484/380/366
f 276/379/365 484/380/366 275/381/367
f 275/381/367 484/380/366 498/382/368
f 275/381/367 498/382/368 274/383/369
f 274/383/369 498/382/368 512/384/370
f 274/383/369 512/384/370 273/385/371
f 273/385/371 512/384/370 526/386/372
f 273/385/371 526/386/372 272/387/373
f 272/387/373 526/386/372 540/388/374
f 272/387/373 540/388/374 271/389/375
f 271/389/375 540/388/374 554/390/376
f 271/389/375 554/390/376 270/391/377
f 270/391/377 554/390/376 568/392/378
f 270/391/377 568/392/378 269/393/379
f 269/393/379 568/392/378 582/394/380
f 269/393/379 582/394/380 268/395/381
f 268/395/381 582/394/380 596/396/382
f 268/395/381 596/396/382 267/397/383
f 267/397/383 596/396/382 610/398/384
f 267/397/383 610/398/384 266/349/337
f 266/349/337 610/398/384 624/350/338
f 289/304/292 290/399/385 611/306/294
f 611/306/294 290/399/385 612/400/386
f 611/306/294 612/400/386 597/308/296
f 597/308/296 612/400/386 598/401/387
f 597/308/296 598/401/387 583/310/298
f 583/310/298 598/401/387 584/402/388
f 583/310/298 584/402/388 569/312/300
f 569/312/300 584/402/388 570/403/389
f 569/312/300 570/403/389 555/314/302
f 555/314/302 570/403/389 556/404/390
f 555/314/302 556/404/390 541/316/304
f 541/316/304 556/404/390 542/405/391
f 541/316/304 542/405/391 527/318/306
f 527/318/306 542/405/391 528/406/392
f 527/318/306 528/406/392 513/320/308
f 513/320/308 528/406/392 514/407/393
f 513/320/308 514/407/393 499/322/310
f 499/322/310 514/407/393 500/408/394
f 499/322/310 500/408/394 485/324/312
f 485/324/312 500/408/394 486/409/395
f 485/324/312 486/409/395 471/326/314
f 471/326/314 486/409/395 472/410/396
f 471/326/314 472/410/396 457/328/316
f 457/328/316 472/410/396 458/411/397
f 457/328/316 458/411/397 443/330/318
f 443/330/318 458/411/397 444/412/398
f 443/330/318 444/412/398 429/332/320
f 429/332/320 444/412/398 430/413/399
f 429/332/320 430/413/399 415/334/322
f 415/334/322 430/413/399 416/414/400
f 415/334/322 416/414/400 401/336/324
f 401/336/324 416/414/400 402/415/401
f 401/336/324 402/415/401 387/338/326
f 387/338/326 402/415/401 388/416/402
f 387/338/326 388/416/402 373/340/328
f 373/340/328 388/416/402 374/417/403
f 373/340/328 374/417/403 359/342/330
f 359/342/330 374/417/403 360/418/404
f 359/342/330 360/418/404 345/344/332
f 345/344/332 360/418/404 346/419/405
f 345/344/332 346/419/405 331/346/334
f 331/346/334 346/419/405 332/420/406
f 331/346/334 332/420/406 317/348/336
f 317/348/336 332/420/406 318/421/407
f 317/348/336 318/421/407 303/300/290
f 303/300/290 318/421/407 304/422/408
f 303/300/290 304/422/408 289/302/292
f 289/302/292 304/422/408 290/423/385
f 290/399/385 291/424/409 612/400/386
f 612/400/386 291/424/409 613/425/410
f 612/400/386 613/425/410 598/401/387
f 598/401/387 613/425/410 599/426/411
f 598/401/387 599/426/411 584/402/388
f 584/402/388 599/426/411 585/427/412
f 584/402/388 585/427/412 570/403/389
f 570/403/389 585/427/412 571/428/413
f 570/403/389 571/428/413 556/404/390
f 556/404/390 571/428/413 557/429/414
f 556/404/390 557/429/414 542/405/391
f 542/405/391 557/429/414 543/430/415
f 542/405/391 543/430/415 528/406/392
f 528/406/392 543/430/415 529/431/416
f 528/406/392 529/431/416 514/407/393
f 514/407/393 529/431/416 515/432/417
f 514/407/393 515/432/417 500/408/394
f 500/408/394 515/432/417 501/433/418
f 500/408/394 501/433/418 486/409/395
f 486/409/395 501/433/418 487/434/419
f 486/409/395 487/434/419 472/410/396
f 472/410/396 487/434/419 473/435/420
f 472/410/396 473/435/420 458/411/397
f 458/411/397 473/435/420 459/436/421
f 458/411/397 459/436/421 444/412/398
f 444/412/398 459/436/421 445/437/422
f 444/412/398 445/437/422 430/413/399
f 430/413/399 445/437/422 431/438/423
f 430/413/399 431/438/423 416/414/400
f 416/414/400 431/438/423 417/439/424
f 416/414/400 417/439/424 402/415/401
f 402/415/401 417/439/424 403/440/425
f 402/415/401 403/440/425 388/416/402
f 388/416/402 403/440/425 389/441/426
f 388/416/402 389/441/426 374/417/403
f 374/417/403 389/441/426 375/442/427
f 374/417/403 375/442/427 360/418/404
f 360/418/404 375/442/427 361/443/428
f 360/418/404 361/443/428 346/419/405
f 346/419/405 361/443/428 347/444/429
f 346/419/405 347/444/429 332/420/406
f 332/420/406 347/444/429 333/445/430
f 332/420/406 333/445/430 318/421/407
f 318/421/407 333/445/430 319/446/431
f 318/421/407 319/446/431 304/422/408
f 304/422/408 319/446/431 305/447/432
f 304/422/408 305/447/432 290/423/385
f 290/423/385 305/447/432 291/448/409
f 291/424/409 292/449/433 613/425/410
f 613/425/410 292/449/433 614/450/434
f 613/425/410 614/450/434 599/426/411
f 599/426/411 614/450/434 600/451/435
f 599/426/411 600/451/435 585/427/412
f 585/427/412 600/451/435 586/452/436
f 585/427/412 586/452/436 571/428/413
f 571/428/413 586/452/436 572/453/437
f 571/428/413 572/453/437 557/429/414
f 557/429/414 572/453/437 558/454/438
f 557/429/414 558/454/438 543/430/415
f 543/430/415 558/454/438 544/455/439
f 543/430/415 544/455/439 529/431/416
f 529/431/416 544/455/439 530/456/440
f 529/431/416 530/456/440 515/432/417
f 515/432/417 530/456/440 516/457/441
f 515/432/417 516/457/441 501/433/418
f 501/433/418 516/457/441 502/458/442
f 501/433/418 502/458/442 487/434/419
f 487/434/419 502/458/442 488/459/443
f 487/434/419 488/459/443 473/435/420
f 473/435/420 488/459/443 474/460/444
f 473/435/420 474/460/444 459/436/421
f 459/436/421 474/460/444 460/461/445
f 459/436/421 460/461/445 445/437/422
f 445/437/422 460/461/445 446/462/446
f 445/437/422 446/462/446 431/438/423
f 431/438/423 446/462/446 432/463/447
f 431/438/423 432/463/447 417/439/424
f 417/439/424 432/463/447 418/464/448
f 417/439/424 418/464/448 403/440/425
f 403/440/425 418/464/448 404/465/449
f 403/440/425 404/465/449 389/441/426
f 389/441/426 404/465/449 390/466/450
f 389/441/426 390/466/450 375/442/427
f 375/442/427 390/466/450 376/467/451
f 375/442/427 376/467/451 361/443/428
f 361/443/428 376/467/451 362/468/452
f 361/443/428 362/468/452 347/444/429
f 347/444/429 362/468/452 348/469/453
f 347/444/429 348/469/453 333/445/430
f 333/445/430 348/469/453 334/470/454
f 333/445/430 334/470/454 319/446/431
f 319/446/431 334/470/454 320/471/455
f 319/446/431 320/471/455 305/447/432
f 305/447/432 320/471/455 306/472/456
f 305/447/432 306/472/456 291/448/409
f 291/448/409 306/472/456 292/473/433
f 292/449/433 293/474/457 614/450/434
f 614/450/434 293/474/457 615/475/458
f 614/450/434 615/475/458 600/451/435
f 600/451/435 615/475/458 601/476/459
f 600/451/435 601/476/459 586/452/436
f 586/452/436 601/476/459 587/477/460
f 586/452/436 587/477/460 572/453/437
f 572/453/437 587/477/460 573/478/461
f 572/453/437 573/478/461 558/454/438
f 558/454/438 573/478/461 559/479/462
f 558/454/438 559/479/462 544/455/439
f 544/455/439 559/479/462 545/480/463
f 544/455/439 545/480/463 530/456/440
f 530/456/440 545/480/463 531/481/464
f 530/456/440 531/481/464 516/457/441
f 516/457/441 531/481/464 517/482/465
f 516/457/441 517/482/465 502/458/442
f 502/458/442 517/482/465 503/483/466
f 502/458/442 503/483/466 488/459/443
f 488/459/443 503/483/466 489/484/467
f 488/459/443 489/484/467 474/460/444
f 474/460/444 489/484/467 475/485/468
f 474/460/444 475/485/468 460/461/445
f 460/461/445 475/485/468 461/486/469
f 460/461/445 461/486/469 446/462/446
f 446/462/446 461/486/469 447/487/470
f 446/462/446 447/487/470 432/463/447
f 432/463/447 447/487/470 433/488/471
f 432/463/447 433/488/471 418/464/448
f 418/464/448 433/488/471 419/489/472
f 418/464/448 419/489/472 404/465/449
f 404/465/449 419/489/472 405/490/473
f 404/465/449 405/490/473 390/466/450
f 390/466/450 405/490/473 391/491/474
f 390/466/450 391/491/474 376/467/451
f 376/467/451 391/491/474 377/492/475
f 376/467/451 377/492/475 362/468/452
f 362/468/452 377/492/475 363/493/476
f 362/468/452 363/493/476 348/469/453
f 348/469/453 363/493/476 349/494/477
f 348/469/453 349/494/477 334/470/454
f 334/470/454 349/494/477 335/495/478
f 334/470/454 335/495/478 320/471/455
f 320/471/455 335/495/478 321/496/479
f 320/471/455 321/496/479 306/472/456
f 306/472/456 321/496/479 307/497/480
f 306/472/456 307/497/480 292/473/433
f 292/473/433 307/497/480 293/498/457
f 293/474/457 294/499/481 615/475/458
f 615/475/458 294/499/481 616/500/482
f 615/475/458 616/500/482 601/476/459
f 601/476/459 616/500/482 602/501/483
f 601/476/459 602/501/483 587/477/460
f 587/477/460 602/501/483 588/502/484
f 587/477/460 588/502/484 573/478/461
f 573/478/461 588/502/484 574/503/485
f 573/478/461 574/503/485 559/479/462
f 559/479/462 574/503/485 560/504/486
f 559/479/462 560/504/486 545/480/463
f 545/480/463 560/504/486 546/505/487
f 545/480/463 546/505/487 531/481/464
f 531/481/464 546/505/487 532/506/488
f 531/481/464 532/506/488 517/482/465
f 517/482/465 532/506/488 518/507/489
f 517/482/465 518/507/489 503/483/466
f 503/483/466 518/507/489 504/508/490
f 503/483/466 504/508/490 489/484/467
f 489/484/467 504/508/490 490/509/491
f 489/484/467 490/509/491 475/485/468
f 475/485/468 490/509/491 476/510/492
f 475/485/468 476/510/492 461/486/469
f 461/486/469 476/510/492 462/511/493
f 461/486/469 462/511/493 447/487/470
f 447/487/470 462/511/493 448/512/494
f 447/487/470 448/512/494 433/488/471
f 433/488/471 448/512/494 434/513/495
f 433/488/471 434/513/495 419/489/472
f 419/489/472 434/513/495 420/514/496
f 419/489/472 420/514/496 405/490/473
f 405/490/473 420/514/496 406/515/497
f 405/490/473 406/515/497 391/491/474
f 391/491/474 406/515/497 392/516/498
f 391/491/474 392/516/498 377/492/475
f 377/492/475 392/516/498 378/517/499
f 377/492/475 378/517/499 363/493/476
f 363/493/476 378/517/499 364/518/500
f 363/493/476 364/518/500 349/494/477
f 349/494/477 364/518/500 350/519/501
f 349/494/477 350/519/501 335/495/478
f 335/495/478 350/519/501 336/520/502
f 335/495/478 336/520/502 321/496/479
f 321/496/479 336/520/502 322/521/503
f 321/496/479 322/521/503 307/497/480
f 307/497/480 322/521/503 308/522/504
f 307/497/480 308/522/504 293/498/457
f 293/498/457 308/522/504 294/523/481
f 294/499/481 295/524/505 616/500/482
f 616/500/482 295/524/505 617/525/506
f 616/500/482 617/525/506 602/501/483
f 602/501/483 617/525/506 603/526/507
f 602/501/483 603/526/507 588/502/484
f 588/502/484 603/526/507 589/527/508
f 588/502/484 589/527/508 574/503/485
f 574/503/485 589/527/508 575/528/509
f 574/503/485 575/528/509 560/504/486
f 560/504/486 575/528/509 561/529/510
f 560/504/486 561/529/510 546/505/487
f 546/505/487 561/529/510 547/530/511
f 546/505/487 547/530/511 532/506/488
f 532/506/488 547/530/511 533/531/512
f 532/506/488 533/531/512 518/507/489
f 518/507/489 533/531/512 519/532/513
f 518/507/489 519/532/513 504/508/490
f 504/508/490 519/532/513 505/533/514
f 504/508/490 505/533/514 490/509/491
f 490/509/491 505/533/514 491/534/515
f 490/509/491 491/534/515 476/510/492
f 476/510/492 491/534/515 477/535/516
f 476/510/492 477/535/516 462/511/493
f 462/511/493 477/535/516 463/536/517
f 462/511/493 463/536/517 448/512/494
f 448/512/494 463/536/517 449/537/518
f 448/512/494 449/537/518 434/513/495
f 434/513/495 449/537/518 435/538/519
f 434/513/495 435/538/519 420/514/496
f 420/514/496 435/538/519 421/539/520
f 420/514/496 421/539/520 406/515/497
f 406/515/497 421/539/520 407/540/521
f 406/515/497 407/540/521 392/516/498
f 392/516/498 407/540/521 393/541/522
f 392/516/498 393/541/522 378/517/499
f 378/517/499 393/541/522 379/542/523
f 378/517/499 379/542/523 364/518/500
f 364/518/500 379/542/523 365/543/524
f 364/518/500 365/543/524 350/519/501
f 350/519/501 365/543/524 351/544/525
f 350/519/501 351/544/525 336/520/502
f 336/520/502 351/544/525 337/545/526
f 336/520/502 337/545/526 322/521/503
f 322/521/503 337/545/526 323/546/527
f 322/521/503 323/546/527 308/522/504
f 308/522/504 323/546/527 309/547/528
f 308/522/504 309/547/528 294/523/481
f 294/523/481 309/547/528 295/548/505
f 295/524/505 296/549/529 617/525/506
f 617/525/506 296/549/529 618/550/530
f 617/525/506 618/550/530 603/526/507
f 603/526/507 618/550/530 604/551/531
f 603/526/507 604/551/531 589/527/508
f 589/527/508 604/551/531 590/552/532
f 589/527/508 590/552/532 575/528/509
f 575/528/509 590/552/532 576/553/533
f 575/528/509 576/553/533 561/529/510
f 561/529/510 576/553/533 562/554/534
f 561/529/510 562/554/534 547/530/511
f 547/530/511 562/554/534 548/555/535
f 547/530/511 548/555/535 533/531/512
f 533/531/512 548/555/535 534/556/536
f 533/531/512 534/556/536 519/532/513
f 519/532/513 534/556/536 520/557/537
f 519/532/513 520/557/537 505/533/514
f 505/533/514 520/557/537 506/558/538
f 505/533/514 506/558/538 491/534/515
f 491/534/515 506/558/538 492/559/539
f 491/534/515 492/559/539 477/535/516
f 477/535/516 492/559/539 478/560/540
f 477/535/516 478/560/540 463/536/517
f 463/536/517 478/560/540 464/561/541
f 463/536/517 464/561/541 449/537/518
f 449/537/518 464/561/541 450/562/542
f 449/537/518 450/562/542 435/538/519
f 435/538/519 450/562/542 436/563/543
f 435/538/519 436/563/543 421/539/520
f 421/539/520 436/563/543 422/564/544
f 421/539/520 422/564/544 407/540/521
f 407/540/521 422/564/544 408/565/545
f 407/540/521 408/565/545 393/541/522
f 393/541/522 408/565/545 394/566/546
f 393/541/522 394/566/546 379/542/523
f 379/542/523 394/566/546 380/567/547
f 379/542/523 380/567/547 365/543/524
f 365/543/524 380/567/547 366/568/548
f 365/543/524 366/568/548 351/544/525
f 351/544/525 366/568/548 352/569/549
f 351/544/525 352/569/549 337/545/526
f 337/545/526 352/569/549 338/570/550
f 337/545/526 338/570/550 323/546/527
f 323/546/527 338/570/550 324/571/551
f 323/546/527 324/571/551 309/547/528
f 309/547/528 324/571/551 310/572/552
f 309/547/528 310/572/552 295/548/505
f 295/548/505 310/572/552 296/573/529
f 296/549/529 297/574/553 618/550/530
f 618/550/530 297/574/553 619/575/554
f 618/550/530 619/575/554 604/551/531
f 604/551/531 619/575/554 605/576/555
f 604/551/531 605/576/555 590/552/532
f 590/552/532 605/576/555 591/577/556
f 590/552/532 591/577/556 576/553/533
f 576/553/533 591/577/556 577/578/557
f 576/553/533 577/578/557 562/554/534
f 562/554/534 577/578/557 563/579/558
f 562/554/534 563/579/558 548/555/535
f 548/555/535 563/579/558 549/580/559
f 548/555/535 549/580/559 534/556/536
f 534/556/536 549/580/559 535/581/560
f 534/556/536 535/581/560 520/557/537
f 520/557/537 535/581/560 521/582/561
f 520/557/537 521/582/561 506/558/538
f 506/558/538 521/582/561 507/583/562
f 506/558/538 507/583/562 492/559/539
f 492/559/539 507/583/562 493/584/563
f 492/559/539 493/584/563 478/560/540
f 478/560/540 493/584/563 479/585/564
f 478/560/540 479/585/564 464/561/541
f 464/561/541 479/585/564 465/586/565
f 464/561/541 465/586/565 450/562/542
f 450/562/542 465/586/565 451/587/566
f 450/562/542 451/587/566 436/563/543
f 436/563/543 451/587/566 437/588/567
f 436/563/543 437/588/567 422/564/544
f 422/564/544 437/588/567 423/589/568
f 422/564/544 423/589/568 408/565/545
f 408/565/545 423/589/568 409/590/569
f 408/565/545 409/590/569 394/566/546
f 394/566/546 409/590/569 395/591/570
f 394/566/546 395/591/570 380/567/547
f 380/567/547 395/591/570 381/592/571
f 380/567/547 381/592/571 366/568/548
f 366/568/548 381/592/571 367/593/572
f 366/568/548 367/593/572 352/569/549
f 352/569/549 367/593/572 353/594/573
f 352/569/549 353/594/573 338/570/550
f 338/570/550 353/594/573 339/595/574
f 338/570/550 339/595/574 324/571/551
f 324/571/551 339/595/574 325/596/575
f 324/571/551 325/596/575 310/572/552
f 310/572/552 325/596/575 311/597/576
f 310/572/552 311/597/576 296/573/529
f 296/573/529 311/597/576 297/598/553
f 297/574/553 298/599/577 619/575/554
f 619/575/554 298/599/577 620/600/578
f 619/575/554 620/600/578 605/576/555
f 605/576/555 620/600/578 606/601/579
f 605/576/555 606/601/579 591/577/556
f 591/577/556 606/601/579 592/602/580
f 591/577/556 592/602/580 577/578/557
f 577/578/557 592/602/580 578/603/581
f 577/578/557 578/603/581 563/579/558
f 563/579/558 578/603/581 564/604/582
f 563/579/558 564/604/582 549/580/559
f 549/580/559 564/604/582 550/605/583
f 549/580/559 550/605/583 535/581/560
f 535/581/560 550/605/583 536/606/584
f 535/581/560 536/606/584 521/582/561
f 521/582/561 536/606/584 522/607/585
f 521/582/561 522/607/585 507/583/562
f 507/583/562 522/607/585 508/608/586
f 507/583/562 508/608/586 493/584/563
f 493/584/563 508/608/586 494/609/587
f 493/584/563 494/609/587 479/585/564
f 479/585/564 494/609/587 480/610/588
f 479/585/564 480/610/588 465/586/565
f 465/586/565 480/610/588 466/611/589
f 465/586/565 466/611/589 451/587/566
f 451/587/566 466/611/589 452/612/590
f 451/587/566 452/612/590 437/588/567
f 437/588/567 452/612/590 438/613/591
f 437/588/567 438/613/591 423/589/568
f 423/589/568 438/613/591 424/614/592
f 423/589/568 424/614/592 409/590/569
f 409/590/569 424/614/592 410/615/593
f 409/590/569 410/615/593 395/591/570
f 395/591/570 410/615/593 396/616/594
f 395/591/570 396/616/594 381/592/571
f 381/592/571 396/616/594 382/617/595
f 381/592/571 382/617/595 367/593/572
f 367/593/572 382/617/595 368/618/596
f 367/593/572 368/618/596 353/594/573
f 353/594/573 368/618/596 354/619/597
f 353/594/573 354/619/597 339/595/574
f 339/595/574 354/619/597 340/620/598
f 339/595/574 340/620/598 325/596/575
f 325/596/575 340/620/598 326/621/599
f 325/596/575 326/621/599 311/597/576
f 311/597/576 326/621/599 312/622/600
f 311/597/576 312/622/600 297/598/553
f 297/598/553 312/622/600 298/623/577
f 298/599/577 299/624/601 620/600/578
f 620/600/578 299/624/601 621/625/602
f 620/600/578 621/625/602 606/601/579
f 606/601/579 621/625/602 607/626/603
f 606/601/579 607/626/603 592/602/580
f 592/602/580 607/626/603 593/627/604
f 592/602/580 593/627/604 578/603/581
f 578/603/581 593/627/604 579/628/605
f 578/603/581 579/628/605 564/604/582
f 564/604/582 579/628/605 565/629/606
f 564/604/582 565/629/606 550/605/583
f 550/605/583 565/629/606 551/630/607
f 550/605/583 551/630/607 536/606/584
f 536/606/584 551/630/607 537/631/608
f 536/606/584 537/631/608 522/607/585
f 522/607/585 537/631/608 523/632/609
f 522/607/585 523/632/609 508/608/586
f 508/608/586 523/632/609 509/633/610
f 508/608/586 509/633/610 494/609/587
f 494/609/587 509/633/610 495/634/611
f 494/609/587 495/634/611 480/610/588
f 480/610/588 495/634/611 481/635/612
f 480/610/588 481/635/612 466/611/589
f 466/611/589 481/635/612 467/636/613
f 466/611/589 467/636/613 452/612/590
f 452/612/590 467/636/613 453/637/614
f 452/612/590 453/637/614 438/613/591
f 438/613/591 453/637/614 439/638/615
f 438/613/591 439/638/615 424/614/592
f 424/614/592 439/638/615 425/639/616
f 424/614/592 425/639/616 410/615/593
f 410/615/593 425/639/616 411/640/617
f 410/615/593 411/640/617 396/616/594
f 396/616/594 411/640/617 397/641/618
f 396/616/594 397/641/618 382/617/595
f 382/617/595 397/641/618 383/642/619
f 382/617/595 383/642/619 368/618/596
f 368/618/596 383/642/619 369/643/620
f 368/618/596 369/643/620 354/619/597
f 354/619/597 369/643/620 355/644/621
f 354/619/597 355/644/621 340/620/598
f 340/620/598 355/644/621 341/645/622
f 340/620/598 341/645/622 326/621/599
f 326/621/599 341/645/622 327/646/623
f 326/621/599 327/646/623 312/622/600
f 312/622/600 327/646/623 313/647/624
f 312/622/600 313/647/624 298/623/577
f 298/623/577 313/647/624 299/648/601
f 299/624/601 300/649/625 621/625/602
f 621/625/602 300/649/625 622/650/626
f 621/625/602 622/650/626 607/626/603
f 607/626/603 622/650/626 608/651/627
f 607/626/603 608/651/627 593/627/604
f 593/627/604 608/651/627 594/652/628
f 593/627/604 594/652/628 579/628/605
f 579/628/605 594/652/628 580/653/629
f 579/628/605 580/653/629 565/629/606
f 565/629/606 580/653/629 566/654/630
f 565/629/606 566/654/630 551/630/607
f 551/630/607 566/654/630 552/655/631
f 551/630/607 552/655/631 537/631/608
f 537/631/608 552/655/631 538/656/632
f 537/631/608 538/656/632 523/632/609
f 523/632/609 538/656/632 524/657/633
f 523/632/609 524/657/633 509/633/610
f 509/633/610 524/657/633 510/658/634
f 509/633/610 510/658/634 495/634/611
f 495/634/611 510/658/634 496/659/635
f 495/634/611 496/659/635 481/635/612
f 481/635/612 496/659/635 482/660/636
f 481/635/612 482/660/636 467/636/613
f 467/636/613 482/660/636 468/661/637
f 467/636/613 468/661/637 453/637/614
f 453/637/614 468/661/637 454/662/638
f 453/637/614 454/662/638 439/638/615
f 439/638/615 454/662/638 440/663/639
f 439/638/615 440/663/639 425/639/616
f 425/639/616 440/663/639 426/664/640
f 425/639/616 426/664/640 411/640/617
f 411/640/617 426/664/640 412/665/641
f 411/640/617 412/665/641 397/641/618
f 397/641/618 412/665/641 398/666/642
f 397/641/618 398/666/642 383/642/619
f 383/642/619 398/666/642 384/667/643
f 383/642/619 384/667/643 369/643/620
f 369/643/620 384/667/643 370/668/644
f 369/643/620 370/668/644 355/644/621
f 355/644/621 370/668/644 356/669/645
f 355/644/621 356/669/645 341/645/622
f 341/645/622 356/669/645 342/670/646
f 341/645/622 342/670/646 327/646/623
f 327/646/623 342/670/646 328/671/647
f 327/646/623 328/671/647 313/647/624
f 313/647/624 328/671/647 314/672/648
f 313/647/624 314/672/648 299/648/601
f 299/648/601 314/672/648 300/673/625
f 300/649/625 301/674/649 622/650/626
f 622/650/626 301/674/649 623/675/650
f 622/650/626 623/675/650 608/651/627
f 608/651/627 623/675/650 609/676/651
f 608/651/627 609/676/651 594/652/628
f 594/652/628 609/676/651 595/677/652
f 594/652/628 595/677/652 580/653/629
f 580/653/629 595/677/652 581/678/653
f 580/653/629 581/678/653 566/654/630
f 566/654/630 581/678/653 567/679/654
f 566/654/630 567/679/654 552/655/631
f 552/655/631 567/679/654 553/680/655
f 552/655/631 553/680/655 538/656/632
f 538/656/632 553/680/655 539/681/656
f 538/656/632 539/681/656 524/657/633
f 524/657/633 539/681/656 525/682/657
f 524/657/633 525/682/657 510/658/634
f 510/658/634 525/682/657 511/683/658
f 510/658/634 511/683/658 496/659/635
f 496/659/635 511/683/658 497/684/659
f 496/659/635 497/684/659 482/660/636
f 482/660/636 497/684/659 483/685/660
f 482/660/636 483/685/660 468/661/637
f 468/661/637 483/685/660 469/686/661
f 468/661/637 469/686/661 454/662/638
f 454/662/638 469/686/661 455/687/662
f 454/662/638 455/687/662 440/663/639
f 440/663/639 455/687/662 441/688/663
f 440/663/639 441/688/663 426/664/640
f 426/664/640 441/688/663 427/689/664
f 426/664/640 427/689/664 412/665/641
f 412/665/641 427/689/664 413/690/665
f 412/665/641 413/690/665 398/666/642
f 398/666/642 413/690/665 399/691/666
f 398/666/642 399/691/666 384/667/643
f 384/667/643 399/691/666 385/692/667
f 384/667/643 385/692/667 370/668/644
f 370/668/644 385/692/667 371/693/668
f 370/668/644 371/693/668 356/669/645
f 356/669/645 371/693/668 357/694/669
f 356/669/645 357/694/669 342/670/646
f 342/670/646 357/694/669 343/695/670
f 342/670/646 343/695/670 328/671/647
f 328/671/647 343/695/670 329/696/671
f 328/671/647 329/696/671 314/672/648
f 314/672/648 329/696/671 315/697/672
f 314/672/648 315/697/672 300/673/625
f 300/673/625 315/697/672 301/698/649
f 301/674/649 302/352/340 623/675/650
f 623/675/650 302/352/340 624/350/338
f 623/675/650 624/350/338 609/676/651
f 609/676/651 624/350/338 610/398/384
f 609/676/651 610/398/384 595/677/652
f 595/677/652 610/398/384 596/396/382
f 595/677/652 596/396/382 581/678/653
f 581/678/653 596/396/382 582/394/380
f 581/678/653 582/394/380 567/679/654
f 567/679/654 582/394/380 568/392/378
f 567/679/654 568/392/378 553/680/655
f 553/680/655 568/392/378 554/390/376
f 553/680/655 554/390/376 539/681/656
f 539/681/656 554/390/376 540/388/374
f 539/681/656 540/388/374 525/682/657
f 525/682/657 540/388/374 526/386/372
f 525/682/657 526/386/372 511/683/658
f 511/683/658 526/386/372 512/384/370
f 511/683/658 512/384/370 497/684/659
f 497/684/659 512/384/370 498/382/368
f 497/684/659 498/382/368 483/685/660
f 483/685/660 498/382/368 484/380/366
f 483/685/660 484/380/366 469/686/661
f 469/686/661 484/380/366 470/378/364
f 469/686/661 470/378/364 455/687/662
f 455/687/662 470/378/364 456/376/362
f 455/687/662 456/376/362 441/688/663
f 441/688/663 456/376/362 442/374/360
f 441/688/663 442/374/360 427/689/664
f 427/689/664 442/374/360 428/372/358
f 427/689/664 428/372/358 413/690/665
f 413/690/665 428/372/358 414/370/356
f 413/690/665 414/370/356 399/691/666
f 399/691/666 414/370/356 400/368/354
f 399/691/666 400/368/354 385/692/667
f 385/692/667 400/368/354 386/366/352
f 385/692/667 386/366/352 371/693/668
f 371/693/668 386/366/352 372/364/350
f 371/693/668 372/364/350 357/694/669
f 357/694/669 372/364/350 358/362/348
f 357/694/669 358/362/348 343/695/670
f 343/695/670 358/362/348 344/360/346
f 343/695/670 344/360/346 329/696/671
f 329/696/671 344/360/346 330/358/344
f 329/696/671 330/358/344 315/697/672
f 315/697/672 330/358/344 316/356/342
f 315/697/672 316/356/342 301/698/649
f 301/698/649 316/356/342 302/354/340
f 264/699/673 254/700/674 241/701/675
f 241/701/675 254/700/674 253/702/676
f 241/701/675 253/702/676 242/703/677
f 242/703/677 253/702/676 252/704/678
f 242/703/677 252/704/678 243/705/679
f 243/705/679 252/704/678 251/706/680
f 243/705/679 251/706/680 244/707/681
f 244/707/681 251/706/680 250/708/682
f 244/707/681 250/708/682 245/709/683
f 245/709/683 250/708/682 249/710/684
f 245/709/683 249/710/684 246/711/685
f 246/711/685 249/710/684 248/712/686
f 246/711/685 248/712/686 247/713/687
f 254/700/674 264/699/673 255/714/688
f 255/714/688 264/699/673 263/715/689
f 255/714/688 263/715/689 256/716/690
f 256/716/690 263/715/689 262/717/691
f 256/716/690 262/717/691 257/718/692
f 257/718/692 262/717/691 261/719/693
f 257/718/692 261/719/693 258/720/694
f 258/720/694 261/719/693 260/721/695
f 258/720/694 260/721/695 259/722/696
f 288/723/697 278/724/698 265/725/699
f 265/725/699 278/724/698 277/726/700
f 265/725/699 277/726/700 266/727/701
f 266/727/701 277/726/700 276/728/702
f 266/727/701 276/728/702 267/729/703
f 267/729/703 276/728/702 275/730/704
f 267/729/703 275/730/704 268/731/705
f 268/731/705 275/730/704 274/732/706
f 268/731/705 274/732/706 269/733/707
f 269/733/707 274/732/706 273/734/708
f 269/733/707 273/734/708 270/735/709
f 270/735/709 273/734/708 272/736/710
f 270/735/709 272/736/710 271/737/711
f 278/724/698 288/723/697 279/738/712
f 279/738/712 288/723/697 287/739/713
f 279/738/712 287/739/713 280/740/714
f 280/740/714 287/739/713 286/741/715
f 280/740/714 286/741/715 281/742/716
f 281/742/716 286/741/715 285/743/717
f 281/742/716 285/743/717 282/744/718
f 282/744/718 285/743/717 284/745/719
f 282/744/718 284/745/719 283/746/720
# 624 vertices
# 746 texture params
# 720 normals
# 1240 facets

# 2 groups
